0,ts-admin-basic-info-service,64,87,D:\projectPath1\nostub\removeDocument\train-ticket\ts-admin-basic-info-service\src\main\java\adminbasic\config\SecurityConfig.java#F,SecurityConfig#T,configure#M,HttpSecurity#
1,ts-admin-basic-info-service,30,46,D:\projectPath1\nostub\removeDocument\train-ticket\ts-admin-basic-info-service\src\main\java\adminbasic\entity\Contacts.java#F,Contacts#T,equals#M,Object#
2,ts-admin-basic-info-service,50,62,D:\projectPath1\nostub\removeDocument\train-ticket\ts-admin-basic-info-service\src\main\java\adminbasic\service\AdminBasicInfoServiceImpl.java#F,AdminBasicInfoServiceImpl#T,deleteContact#M,String#HttpHeaders#
3,ts-admin-basic-info-service,65,77,D:\projectPath1\nostub\removeDocument\train-ticket\ts-admin-basic-info-service\src\main\java\adminbasic\service\AdminBasicInfoServiceImpl.java#F,AdminBasicInfoServiceImpl#T,modifyContact#M,Contacts#HttpHeaders#
4,ts-admin-basic-info-service,81,93,D:\projectPath1\nostub\removeDocument\train-ticket\ts-admin-basic-info-service\src\main\java\adminbasic\service\AdminBasicInfoServiceImpl.java#F,AdminBasicInfoServiceImpl#T,addContact#M,Contacts#HttpHeaders#
5,ts-admin-basic-info-service,111,122,D:\projectPath1\nostub\removeDocument\train-ticket\ts-admin-basic-info-service\src\main\java\adminbasic\service\AdminBasicInfoServiceImpl.java#F,AdminBasicInfoServiceImpl#T,addStation#M,Station#HttpHeaders#
6,ts-admin-basic-info-service,125,137,D:\projectPath1\nostub\removeDocument\train-ticket\ts-admin-basic-info-service\src\main\java\adminbasic\service\AdminBasicInfoServiceImpl.java#F,AdminBasicInfoServiceImpl#T,deleteStation#M,Station#HttpHeaders#
7,ts-admin-basic-info-service,140,153,D:\projectPath1\nostub\removeDocument\train-ticket\ts-admin-basic-info-service\src\main\java\adminbasic\service\AdminBasicInfoServiceImpl.java#F,AdminBasicInfoServiceImpl#T,modifyStation#M,Station#HttpHeaders#
8,ts-admin-basic-info-service,170,182,D:\projectPath1\nostub\removeDocument\train-ticket\ts-admin-basic-info-service\src\main\java\adminbasic\service\AdminBasicInfoServiceImpl.java#F,AdminBasicInfoServiceImpl#T,addTrain#M,TrainType#HttpHeaders#
9,ts-admin-basic-info-service,185,196,D:\projectPath1\nostub\removeDocument\train-ticket\ts-admin-basic-info-service\src\main\java\adminbasic\service\AdminBasicInfoServiceImpl.java#F,AdminBasicInfoServiceImpl#T,deleteTrain#M,String#HttpHeaders#
10,ts-admin-basic-info-service,199,210,D:\projectPath1\nostub\removeDocument\train-ticket\ts-admin-basic-info-service\src\main\java\adminbasic\service\AdminBasicInfoServiceImpl.java#F,AdminBasicInfoServiceImpl#T,modifyTrain#M,TrainType#HttpHeaders#
11,ts-admin-basic-info-service,265,277,D:\projectPath1\nostub\removeDocument\train-ticket\ts-admin-basic-info-service\src\main\java\adminbasic\service\AdminBasicInfoServiceImpl.java#F,AdminBasicInfoServiceImpl#T,getAllPrices#M,HttpHeaders#
12,ts-admin-order-service,63,80,D:\projectPath1\nostub\removeDocument\train-ticket\ts-admin-order-service\src\main\java\adminorder\config\SecurityConfig.java#F,SecurityConfig#T,configure#M,HttpSecurity#
13,ts-admin-order-service,57,83,D:\projectPath1\nostub\removeDocument\train-ticket\ts-admin-order-service\src\main\java\adminorder\entity\Order.java#F,Order#T,equals#M,Object#
14,ts-admin-order-service,30,72,D:\projectPath1\nostub\removeDocument\train-ticket\ts-admin-order-service\src\main\java\adminorder\service\AdminOrderServiceImpl.java#F,AdminOrderServiceImpl#T,getAllOrders#M,HttpHeaders#
15,ts-admin-order-service,75,100,D:\projectPath1\nostub\removeDocument\train-ticket\ts-admin-order-service\src\main\java\adminorder\service\AdminOrderServiceImpl.java#F,AdminOrderServiceImpl#T,deleteOrder#M,String#String#HttpHeaders#
16,ts-admin-order-service,103,130,D:\projectPath1\nostub\removeDocument\train-ticket\ts-admin-order-service\src\main\java\adminorder\service\AdminOrderServiceImpl.java#F,AdminOrderServiceImpl#T,updateOrder#M,Order#HttpHeaders#
17,ts-admin-order-service,133,159,D:\projectPath1\nostub\removeDocument\train-ticket\ts-admin-order-service\src\main\java\adminorder\service\AdminOrderServiceImpl.java#F,AdminOrderServiceImpl#T,addOrder#M,Order#HttpHeaders#
18,ts-admin-route-service,63,80,D:\projectPath1\nostub\removeDocument\train-ticket\ts-admin-route-service\src\main\java\adminroute\config\SecurityConfig.java#F,SecurityConfig#T,configure#M,HttpSecurity#
19,ts-admin-route-service,39,49,D:\projectPath1\nostub\removeDocument\train-ticket\ts-admin-route-service\src\main\java\adminroute\service\AdminRouteServiceImpl.java#F,AdminRouteServiceImpl#T,createAndModifyRoute#M,RouteInfo#HttpHeaders#
20,ts-admin-travel-service,63,80,D:\projectPath1\nostub\removeDocument\train-ticket\ts-admin-travel-service\src\main\java\admintravel\config\SecurityConfig.java#F,SecurityConfig#T,configure#M,HttpSecurity#
21,ts-admin-travel-service,16,33,D:\projectPath1\nostub\removeDocument\train-ticket\ts-admin-travel-service\src\main\java\admintravel\entity\TripId.java#F,TripId#T,TripId#M,String#
22,ts-admin-travel-service,30,71,D:\projectPath1\nostub\removeDocument\train-ticket\ts-admin-travel-service\src\main\java\admintravel\service\AdminTravelServiceImpl.java#F,AdminTravelServiceImpl#T,getAllTravels#M,HttpHeaders#
23,ts-admin-travel-service,74,96,D:\projectPath1\nostub\removeDocument\train-ticket\ts-admin-travel-service\src\main\java\admintravel\service\AdminTravelServiceImpl.java#F,AdminTravelServiceImpl#T,addTravel#M,TravelInfo#HttpHeaders#
24,ts-admin-travel-service,99,117,D:\projectPath1\nostub\removeDocument\train-ticket\ts-admin-travel-service\src\main\java\admintravel\service\AdminTravelServiceImpl.java#F,AdminTravelServiceImpl#T,updateTravel#M,TravelInfo#HttpHeaders#
25,ts-admin-travel-service,120,138,D:\projectPath1\nostub\removeDocument\train-ticket\ts-admin-travel-service\src\main\java\admintravel\service\AdminTravelServiceImpl.java#F,AdminTravelServiceImpl#T,deleteTravel#M,String#HttpHeaders#
26,ts-admin-user-service,63,80,D:\projectPath1\nostub\removeDocument\train-ticket\ts-admin-user-service\src\main\java\adminuser\config\SecurityConfig.java#F,SecurityConfig#T,configure#M,HttpSecurity#
27,ts-admin-user-service,35,46,D:\projectPath1\nostub\removeDocument\train-ticket\ts-admin-user-service\src\main\java\adminuser\service\AdminUserServiceImpl.java#F,AdminUserServiceImpl#T,getAllUsers#M,HttpHeaders#
28,ts-admin-user-service,61,70,D:\projectPath1\nostub\removeDocument\train-ticket\ts-admin-user-service\src\main\java\adminuser\service\AdminUserServiceImpl.java#F,AdminUserServiceImpl#T,updateUser#M,UserDto#HttpHeaders#
29,ts-admin-user-service,73,84,D:\projectPath1\nostub\removeDocument\train-ticket\ts-admin-user-service\src\main\java\adminuser\service\AdminUserServiceImpl.java#F,AdminUserServiceImpl#T,addUser#M,UserDto#HttpHeaders#
30,ts-assurance-service,63,80,D:\projectPath1\nostub\removeDocument\train-ticket\ts-assurance-service\src\main\java\assurance\config\SecurityConfig.java#F,SecurityConfig#T,configure#M,HttpSecurity#
31,ts-assurance-service,48,63,D:\projectPath1\nostub\removeDocument\train-ticket\ts-assurance-service\src\main\java\assurance\service\AssuranceServiceImpl.java#F,AssuranceServiceImpl#T,create#M,int#String#HttpHeaders#
32,ts-assurance-service,66,76,D:\projectPath1\nostub\removeDocument\train-ticket\ts-assurance-service\src\main\java\assurance\service\AssuranceServiceImpl.java#F,AssuranceServiceImpl#T,deleteById#M,UUID#HttpHeaders#
33,ts-assurance-service,79,89,D:\projectPath1\nostub\removeDocument\train-ticket\ts-assurance-service\src\main\java\assurance\service\AssuranceServiceImpl.java#F,AssuranceServiceImpl#T,deleteByOrderId#M,UUID#HttpHeaders#
34,ts-assurance-service,92,110,D:\projectPath1\nostub\removeDocument\train-ticket\ts-assurance-service\src\main\java\assurance\service\AssuranceServiceImpl.java#F,AssuranceServiceImpl#T,modify#M,String#String#int#HttpHeaders#
35,ts-assurance-service,113,130,D:\projectPath1\nostub\removeDocument\train-ticket\ts-assurance-service\src\main\java\assurance\service\AssuranceServiceImpl.java#F,AssuranceServiceImpl#T,getAllAssurances#M,HttpHeaders#
36,ts-assurance-service,133,148,D:\projectPath1\nostub\removeDocument\train-ticket\ts-assurance-service\src\main\java\assurance\service\AssuranceServiceImpl.java#F,AssuranceServiceImpl#T,getAllAssuranceTypes#M,HttpHeaders#
37,ts-auth-service,79,99,D:\projectPath1\nostub\removeDocument\train-ticket\ts-auth-service\src\main\java\auth\config\WebSecurityConfig.java#F,WebSecurityConfig#T,configure#M,HttpSecurity#
38,ts-auth-service,28,50,D:\projectPath1\nostub\removeDocument\train-ticket\ts-auth-service\src\main\java\auth\init\InitUser.java#F,InitUser#T,run#M,String...#
39,ts-auth-service,29,44,D:\projectPath1\nostub\removeDocument\train-ticket\ts-auth-service\src\main\java\auth\security\jwt\JWTProvider.java#F,JWTProvider#T,createToken#M,User#
40,ts-auth-service,47,84,D:\projectPath1\nostub\removeDocument\train-ticket\ts-auth-service\src\main\java\auth\service\impl\TokenServiceImpl.java#F,TokenServiceImpl#T,getToken#M,BasicAuthDto#HttpHeaders#
41,ts-auth-service,50,61,D:\projectPath1\nostub\removeDocument\train-ticket\ts-auth-service\src\main\java\auth\service\impl\UserServiceImpl.java#F,UserServiceImpl#T,createDefaultAuthUser#M,AuthDto#
42,ts-auth-service,76,98,D:\projectPath1\nostub\removeDocument\train-ticket\ts-auth-service\src\main\java\auth\service\impl\UserServiceImpl.java#F,UserServiceImpl#T,checkUserCreateInfo#M,User#
43,ts-basic-service,63,80,D:\projectPath1\nostub\removeDocument\train-ticket\ts-basic-service\src\main\java\fdse\microservice\config\SecurityConfig.java#F,SecurityConfig#T,configure#M,HttpSecurity#
44,ts-basic-service,73,89,D:\projectPath1\nostub\removeDocument\train-ticket\ts-basic-service\src\main\java\fdse\microservice\entity\Contacts.java#F,Contacts#T,equals#M,Object#
45,ts-basic-service,51,59,D:\projectPath1\nostub\removeDocument\train-ticket\ts-basic-service\src\main\java\fdse\microservice\entity\Trip.java#F,Trip#T,Trip#M,TripId#String#String#
46,ts-basic-service,15,32,D:\projectPath1\nostub\removeDocument\train-ticket\ts-basic-service\src\main\java\fdse\microservice\entity\TripId.java#F,TripId#T,TripId#M,String#
47,ts-basic-service,32,103,D:\projectPath1\nostub\removeDocument\train-ticket\ts-basic-service\src\main\java\fdse\microservice\service\BasicServiceImpl.java#F,BasicServiceImpl#T,queryForTravel#M,Travel#HttpHeaders#
48,ts-basic-service,107,116,D:\projectPath1\nostub\removeDocument\train-ticket\ts-basic-service\src\main\java\fdse\microservice\service\BasicServiceImpl.java#F,BasicServiceImpl#T,queryForStationId#M,String#HttpHeaders#
49,ts-basic-service,118,129,D:\projectPath1\nostub\removeDocument\train-ticket\ts-basic-service\src\main\java\fdse\microservice\service\BasicServiceImpl.java#F,BasicServiceImpl#T,checkStationExists#M,String#HttpHeaders#
50,ts-basic-service,131,142,D:\projectPath1\nostub\removeDocument\train-ticket\ts-basic-service\src\main\java\fdse\microservice\service\BasicServiceImpl.java#F,BasicServiceImpl#T,queryTrainType#M,String#HttpHeaders#
51,ts-basic-service,144,160,D:\projectPath1\nostub\removeDocument\train-ticket\ts-basic-service\src\main\java\fdse\microservice\service\BasicServiceImpl.java#F,BasicServiceImpl#T,getRouteByRouteId#M,String#HttpHeaders#
52,ts-basic-service,162,174,D:\projectPath1\nostub\removeDocument\train-ticket\ts-basic-service\src\main\java\fdse\microservice\service\BasicServiceImpl.java#F,BasicServiceImpl#T,queryPriceConfigByRouteIdAndTrainType#M,String#String#HttpHeaders#
53,ts-cancel-service,63,80,D:\projectPath1\nostub\removeDocument\train-ticket\ts-cancel-service\src\main\java\cancel\config\SecurityConfig.java#F,SecurityConfig#T,configure#M,HttpSecurity#
54,ts-cancel-service,51,62,D:\projectPath1\nostub\removeDocument\train-ticket\ts-cancel-service\src\main\java\cancel\entity\Order.java#F,Order#T,Order#M,#
55,ts-cancel-service,65,91,D:\projectPath1\nostub\removeDocument\train-ticket\ts-cancel-service\src\main\java\cancel\entity\Order.java#F,Order#T,equals#M,Object#
56,ts-cancel-service,34,128,D:\projectPath1\nostub\removeDocument\train-ticket\ts-cancel-service\src\main\java\cancel\service\CancelServiceImpl.java#F,CancelServiceImpl#T,cancelOrder#M,String#String#HttpHeaders#
57,ts-cancel-service,130,139,D:\projectPath1\nostub\removeDocument\train-ticket\ts-cancel-service\src\main\java\cancel\service\CancelServiceImpl.java#F,CancelServiceImpl#T,sendEmail#M,NotifyInfo#HttpHeaders#
58,ts-cancel-service,142,183,D:\projectPath1\nostub\removeDocument\train-ticket\ts-cancel-service\src\main\java\cancel\service\CancelServiceImpl.java#F,CancelServiceImpl#T,calculateRefund#M,String#HttpHeaders#
59,ts-cancel-service,185,220,D:\projectPath1\nostub\removeDocument\train-ticket\ts-cancel-service\src\main\java\cancel\service\CancelServiceImpl.java#F,CancelServiceImpl#T,calculateRefund#M,Order#
60,ts-cancel-service,223,234,D:\projectPath1\nostub\removeDocument\train-ticket\ts-cancel-service\src\main\java\cancel\service\CancelServiceImpl.java#F,CancelServiceImpl#T,cancelFromOrder#M,Order#HttpHeaders#
61,ts-cancel-service,236,246,D:\projectPath1\nostub\removeDocument\train-ticket\ts-cancel-service\src\main\java\cancel\service\CancelServiceImpl.java#F,CancelServiceImpl#T,cancelFromOtherOrder#M,Order#HttpHeaders#
62,ts-cancel-service,248,260,D:\projectPath1\nostub\removeDocument\train-ticket\ts-cancel-service\src\main\java\cancel\service\CancelServiceImpl.java#F,CancelServiceImpl#T,drawbackMoney#M,String#String#HttpHeaders#
63,ts-cancel-service,262,272,D:\projectPath1\nostub\removeDocument\train-ticket\ts-cancel-service\src\main\java\cancel\service\CancelServiceImpl.java#F,CancelServiceImpl#T,getAccount#M,String#HttpHeaders#
64,ts-cancel-service,274,284,D:\projectPath1\nostub\removeDocument\train-ticket\ts-cancel-service\src\main\java\cancel\service\CancelServiceImpl.java#F,CancelServiceImpl#T,getOrderByIdFromOrder#M,String#HttpHeaders#
65,ts-cancel-service,286,296,D:\projectPath1\nostub\removeDocument\train-ticket\ts-cancel-service\src\main\java\cancel\service\CancelServiceImpl.java#F,CancelServiceImpl#T,getOrderByIdFromOrderOther#M,String#HttpHeaders#
66,ts-common,27,34,D:\projectPath1\nostub\removeDocument\train-ticket\ts-common\src\main\java\edu\fudan\common\config\SwaggerConfig.java#F,SwaggerConfig#T,createRestApi#M,#
67,ts-common,33,77,D:\projectPath1\nostub\removeDocument\train-ticket\ts-common\src\main\java\edu\fudan\common\security\jwt\JWTUtil.java#F,JWTUtil#T,getJWTAuthentication#M,ServletRequest#
68,ts-common,96,116,D:\projectPath1\nostub\removeDocument\train-ticket\ts-common\src\main\java\edu\fudan\common\security\jwt\JWTUtil.java#F,JWTUtil#T,validateToken#M,String#
69,ts-config-service,66,86,D:\projectPath1\nostub\removeDocument\train-ticket\ts-config-service\src\main\java\config\SecurityConfig.java#F,SecurityConfig#T,configure#M,HttpSecurity#
70,ts-config-service,26,35,D:\projectPath1\nostub\removeDocument\train-ticket\ts-config-service\src\main\java\config\service\ConfigServiceImpl.java#F,ConfigServiceImpl#T,create#M,Config#HttpHeaders#
71,ts-config-service,38,47,D:\projectPath1\nostub\removeDocument\train-ticket\ts-config-service\src\main\java\config\service\ConfigServiceImpl.java#F,ConfigServiceImpl#T,update#M,Config#HttpHeaders#
72,ts-config-service,61,70,D:\projectPath1\nostub\removeDocument\train-ticket\ts-config-service\src\main\java\config\service\ConfigServiceImpl.java#F,ConfigServiceImpl#T,delete#M,String#HttpHeaders#
73,ts-config-service,73,81,D:\projectPath1\nostub\removeDocument\train-ticket\ts-config-service\src\main\java\config\service\ConfigServiceImpl.java#F,ConfigServiceImpl#T,queryAll#M,HttpHeaders#
74,ts-consign-price-service,63,80,D:\projectPath1\nostub\removeDocument\train-ticket\ts-consign-price-service\src\main\java\consignprice\config\SecurityConfig.java#F,SecurityConfig#T,configure#M,HttpSecurity#
75,ts-consign-price-service,24,35,D:\projectPath1\nostub\removeDocument\train-ticket\ts-consign-price-service\src\main\java\consignprice\init\InitData.java#F,InitData#T,run#M,String...#
76,ts-consign-price-service,26,41,D:\projectPath1\nostub\removeDocument\train-ticket\ts-consign-price-service\src\main\java\consignprice\service\ConsignPriceServiceImpl.java#F,ConsignPriceServiceImpl#T,getPriceByWeightAndRegion#M,double#boolean#HttpHeaders#
77,ts-consign-price-service,44,57,D:\projectPath1\nostub\removeDocument\train-ticket\ts-consign-price-service\src\main\java\consignprice\service\ConsignPriceServiceImpl.java#F,ConsignPriceServiceImpl#T,queryPriceInformation#M,HttpHeaders#
78,ts-consign-price-service,60,77,D:\projectPath1\nostub\removeDocument\train-ticket\ts-consign-price-service\src\main\java\consignprice\service\ConsignPriceServiceImpl.java#F,ConsignPriceServiceImpl#T,createAndModifyPrice#M,ConsignPrice#HttpHeaders#
79,ts-consign-service,63,80,D:\projectPath1\nostub\removeDocument\train-ticket\ts-consign-service\src\main\java\consign\config\SecurityConfig.java#F,SecurityConfig#T,configure#M,HttpSecurity#
80,ts-consign-service,37,70,D:\projectPath1\nostub\removeDocument\train-ticket\ts-consign-service\src\main\java\consign\service\ConsignServiceImpl.java#F,ConsignServiceImpl#T,insertConsignRecord#M,Consign#HttpHeaders#
81,ts-consign-service,73,106,D:\projectPath1\nostub\removeDocument\train-ticket\ts-consign-service\src\main\java\consign\service\ConsignServiceImpl.java#F,ConsignServiceImpl#T,updateConsignRecord#M,Consign#HttpHeaders#
82,ts-consign-service,109,116,D:\projectPath1\nostub\removeDocument\train-ticket\ts-consign-service\src\main\java\consign\service\ConsignServiceImpl.java#F,ConsignServiceImpl#T,queryByAccountId#M,UUID#HttpHeaders#
83,ts-consign-service,129,136,D:\projectPath1\nostub\removeDocument\train-ticket\ts-consign-service\src\main\java\consign\service\ConsignServiceImpl.java#F,ConsignServiceImpl#T,queryByConsignee#M,String#HttpHeaders#
84,ts-contacts-service,63,80,D:\projectPath1\nostub\removeDocument\train-ticket\ts-contacts-service\src\main\java\contacts\config\SecurityConfig.java#F,SecurityConfig#T,configure#M,HttpSecurity#
85,ts-contacts-service,81,97,D:\projectPath1\nostub\removeDocument\train-ticket\ts-contacts-service\src\main\java\contacts\entity\Contacts.java#F,Contacts#T,equals#M,Object#
86,ts-contacts-service,21,39,D:\projectPath1\nostub\removeDocument\train-ticket\ts-contacts-service\src\main\java\contacts\init\InitData.java#F,InitData#T,run#M,String...#
87,ts-contacts-service,32,40,D:\projectPath1\nostub\removeDocument\train-ticket\ts-contacts-service\src\main\java\contacts\service\ContactsServiceImpl.java#F,ContactsServiceImpl#T,findContactsById#M,UUID#HttpHeaders#
88,ts-contacts-service,50,59,D:\projectPath1\nostub\removeDocument\train-ticket\ts-contacts-service\src\main\java\contacts\service\ContactsServiceImpl.java#F,ContactsServiceImpl#T,createContacts#M,Contacts#HttpHeaders#
89,ts-contacts-service,62,81,D:\projectPath1\nostub\removeDocument\train-ticket\ts-contacts-service\src\main\java\contacts\service\ContactsServiceImpl.java#F,ContactsServiceImpl#T,create#M,Contacts#HttpHeaders#
90,ts-contacts-service,84,94,D:\projectPath1\nostub\removeDocument\train-ticket\ts-contacts-service\src\main\java\contacts\service\ContactsServiceImpl.java#F,ContactsServiceImpl#T,delete#M,UUID#HttpHeaders#
91,ts-contacts-service,97,113,D:\projectPath1\nostub\removeDocument\train-ticket\ts-contacts-service\src\main\java\contacts\service\ContactsServiceImpl.java#F,ContactsServiceImpl#T,modify#M,Contacts#HttpHeaders#
92,ts-contacts-service,116,123,D:\projectPath1\nostub\removeDocument\train-ticket\ts-contacts-service\src\main\java\contacts\service\ContactsServiceImpl.java#F,ContactsServiceImpl#T,getAllContacts#M,HttpHeaders#
93,ts-execute-service,63,80,D:\projectPath1\nostub\removeDocument\train-ticket\ts-execute-service\src\main\java\execute\config\SecurityConfig.java#F,SecurityConfig#T,configure#M,HttpSecurity#
94,ts-execute-service,53,64,D:\projectPath1\nostub\removeDocument\train-ticket\ts-execute-service\src\main\java\execute\entity\Order.java#F,Order#T,Order#M,#
95,ts-execute-service,67,93,D:\projectPath1\nostub\removeDocument\train-ticket\ts-execute-service\src\main\java\execute\entity\Order.java#F,Order#T,equals#M,Object#
96,ts-execute-service,30,69,D:\projectPath1\nostub\removeDocument\train-ticket\ts-execute-service\src\main\java\execute\serivce\ExecuteServiceImpl.java#F,ExecuteServiceImpl#T,ticketExecute#M,String#HttpHeaders#
97,ts-execute-service,72,110,D:\projectPath1\nostub\removeDocument\train-ticket\ts-execute-service\src\main\java\execute\serivce\ExecuteServiceImpl.java#F,ExecuteServiceImpl#T,ticketCollect#M,String#HttpHeaders#
98,ts-execute-service,113,122,D:\projectPath1\nostub\removeDocument\train-ticket\ts-execute-service\src\main\java\execute\serivce\ExecuteServiceImpl.java#F,ExecuteServiceImpl#T,executeOrder#M,String#int#HttpHeaders#
99,ts-execute-service,125,134,D:\projectPath1\nostub\removeDocument\train-ticket\ts-execute-service\src\main\java\execute\serivce\ExecuteServiceImpl.java#F,ExecuteServiceImpl#T,executeOrderOther#M,String#int#HttpHeaders#
100,ts-execute-service,136,146,D:\projectPath1\nostub\removeDocument\train-ticket\ts-execute-service\src\main\java\execute\serivce\ExecuteServiceImpl.java#F,ExecuteServiceImpl#T,getOrderByIdFromOrder#M,String#HttpHeaders#
101,ts-execute-service,148,158,D:\projectPath1\nostub\removeDocument\train-ticket\ts-execute-service\src\main\java\execute\serivce\ExecuteServiceImpl.java#F,ExecuteServiceImpl#T,getOrderByIdFromOrderOther#M,String#HttpHeaders#
102,ts-food-map-service,56,73,D:\projectPath1\nostub\removeDocument\train-ticket\ts-food-map-service\src\main\java\food\config\SecurityConfig.java#F,SecurityConfig#T,configure#M,HttpSecurity#
103,ts-food-map-service,29,88,D:\projectPath1\nostub\removeDocument\train-ticket\ts-food-map-service\src\main\java\food\init\InitData.java#F,InitData#T,run#M,String...#
104,ts-food-map-service,90,104,D:\projectPath1\nostub\removeDocument\train-ticket\ts-food-map-service\src\main\java\food\init\InitData.java#F,InitData#T,toFoodList#M,String#
105,ts-food-map-service,32,41,D:\projectPath1\nostub\removeDocument\train-ticket\ts-food-map-service\src\main\java\food\service\FoodMapServiceImpl.java#F,FoodMapServiceImpl#T,createFoodStore#M,FoodStore#HttpHeaders#
106,ts-food-map-service,55,62,D:\projectPath1\nostub\removeDocument\train-ticket\ts-food-map-service\src\main\java\food\service\FoodMapServiceImpl.java#F,FoodMapServiceImpl#T,listFoodStores#M,HttpHeaders#
107,ts-food-map-service,65,72,D:\projectPath1\nostub\removeDocument\train-ticket\ts-food-map-service\src\main\java\food\service\FoodMapServiceImpl.java#F,FoodMapServiceImpl#T,listTrainFood#M,HttpHeaders#
108,ts-food-map-service,75,82,D:\projectPath1\nostub\removeDocument\train-ticket\ts-food-map-service\src\main\java\food\service\FoodMapServiceImpl.java#F,FoodMapServiceImpl#T,listFoodStoresByStationId#M,String#HttpHeaders#
109,ts-food-service,63,83,D:\projectPath1\nostub\removeDocument\train-ticket\ts-food-service\src\main\java\foodsearch\config\SecurityConfig.java#F,SecurityConfig#T,configure#M,HttpSecurity#
110,ts-food-service,38,59,D:\projectPath1\nostub\removeDocument\train-ticket\ts-food-service\src\main\java\foodsearch\service\FoodServiceImpl.java#F,FoodServiceImpl#T,createFoodOrder#M,FoodOrder#HttpHeaders#
111,ts-food-service,62,72,D:\projectPath1\nostub\removeDocument\train-ticket\ts-food-service\src\main\java\foodsearch\service\FoodServiceImpl.java#F,FoodServiceImpl#T,deleteFoodOrder#M,String#HttpHeaders#
112,ts-food-service,75,82,D:\projectPath1\nostub\removeDocument\train-ticket\ts-food-service\src\main\java\foodsearch\service\FoodServiceImpl.java#F,FoodServiceImpl#T,findAllFoodOrder#M,HttpHeaders#
113,ts-food-service,86,103,D:\projectPath1\nostub\removeDocument\train-ticket\ts-food-service\src\main\java\foodsearch\service\FoodServiceImpl.java#F,FoodServiceImpl#T,updateFoodOrder#M,FoodOrder#HttpHeaders#
114,ts-food-service,106,115,D:\projectPath1\nostub\removeDocument\train-ticket\ts-food-service\src\main\java\foodsearch\service\FoodServiceImpl.java#F,FoodServiceImpl#T,findByOrderId#M,String#HttpHeaders#
115,ts-food-service,119,227,D:\projectPath1\nostub\removeDocument\train-ticket\ts-food-service\src\main\java\foodsearch\service\FoodServiceImpl.java#F,FoodServiceImpl#T,getAllFood#M,String#String#String#String#HttpHeaders#
116,ts-inside-payment-service,36,48,D:\projectPath1\nostub\removeDocument\train-ticket\ts-inside-payment-service\src\main\java\inside_payment\async\ExecutorConfig.java#F,ExecutorConfig#T,myAsync#M,#
117,ts-inside-payment-service,63,80,D:\projectPath1\nostub\removeDocument\train-ticket\ts-inside-payment-service\src\main\java\inside_payment\config\SecurityConfig.java#F,SecurityConfig#T,configure#M,HttpSecurity#
118,ts-inside-payment-service,53,64,D:\projectPath1\nostub\removeDocument\train-ticket\ts-inside-payment-service\src\main\java\inside_payment\entity\Order.java#F,Order#T,Order#M,#
119,ts-inside-payment-service,67,93,D:\projectPath1\nostub\removeDocument\train-ticket\ts-inside-payment-service\src\main\java\inside_payment\entity\Order.java#F,Order#T,equals#M,Object#
120,ts-inside-payment-service,26,39,D:\projectPath1\nostub\removeDocument\train-ticket\ts-inside-payment-service\src\main\java\inside_payment\init\InitData.java#F,InitData#T,run#M,String...#
121,ts-inside-payment-service,39,126,D:\projectPath1\nostub\removeDocument\train-ticket\ts-inside-payment-service\src\main\java\inside_payment\service\InsidePaymentServiceImpl.java#F,InsidePaymentServiceImpl#T,pay#M,PaymentInfo#HttpHeaders#
122,ts-inside-payment-service,129,141,D:\projectPath1\nostub\removeDocument\train-ticket\ts-inside-payment-service\src\main\java\inside_payment\service\InsidePaymentServiceImpl.java#F,InsidePaymentServiceImpl#T,createAccount#M,AccountInfo#HttpHeaders#
123,ts-inside-payment-service,144,155,D:\projectPath1\nostub\removeDocument\train-ticket\ts-inside-payment-service\src\main\java\inside_payment\service\InsidePaymentServiceImpl.java#F,InsidePaymentServiceImpl#T,addMoney#M,String#String#HttpHeaders#
124,ts-inside-payment-service,158,195,D:\projectPath1\nostub\removeDocument\train-ticket\ts-inside-payment-service\src\main\java\inside_payment\service\InsidePaymentServiceImpl.java#F,InsidePaymentServiceImpl#T,queryAccount#M,HttpHeaders#
125,ts-inside-payment-service,197,216,D:\projectPath1\nostub\removeDocument\train-ticket\ts-inside-payment-service\src\main\java\inside_payment\service\InsidePaymentServiceImpl.java#F,InsidePaymentServiceImpl#T,queryAccount#M,String#HttpHeaders#
126,ts-inside-payment-service,219,226,D:\projectPath1\nostub\removeDocument\train-ticket\ts-inside-payment-service\src\main\java\inside_payment\service\InsidePaymentServiceImpl.java#F,InsidePaymentServiceImpl#T,queryPayment#M,HttpHeaders#
127,ts-inside-payment-service,229,240,D:\projectPath1\nostub\removeDocument\train-ticket\ts-inside-payment-service\src\main\java\inside_payment\service\InsidePaymentServiceImpl.java#F,InsidePaymentServiceImpl#T,drawBack#M,String#String#HttpHeaders#
128,ts-inside-payment-service,243,298,D:\projectPath1\nostub\removeDocument\train-ticket\ts-inside-payment-service\src\main\java\inside_payment\service\InsidePaymentServiceImpl.java#F,InsidePaymentServiceImpl#T,payDifference#M,PaymentInfo#HttpHeaders#
129,ts-inside-payment-service,301,308,D:\projectPath1\nostub\removeDocument\train-ticket\ts-inside-payment-service\src\main\java\inside_payment\service\InsidePaymentServiceImpl.java#F,InsidePaymentServiceImpl#T,queryAddMoney#M,HttpHeaders#
130,ts-inside-payment-service,310,336,D:\projectPath1\nostub\removeDocument\train-ticket\ts-inside-payment-service\src\main\java\inside_payment\service\InsidePaymentServiceImpl.java#F,InsidePaymentServiceImpl#T,setOrderStatus#M,String#String#HttpHeaders#
131,ts-inside-payment-service,38,47,D:\projectPath1\nostub\removeDocument\train-ticket\ts-inside-payment-service\src\main\java\inside_payment\util\CookieUtil.java#F,CookieUtil#T,readCookieMap#M,HttpServletRequest#
132,ts-notification-service,63,80,D:\projectPath1\nostub\removeDocument\train-ticket\ts-notification-service\src\main\java\notification\config\SecurityConfig.java#F,SecurityConfig#T,configure#M,HttpSecurity#
133,ts-notification-service,30,47,D:\projectPath1\nostub\removeDocument\train-ticket\ts-notification-service\src\main\java\notification\service\MailService.java#F,MailService#T,sendEmail#M,Mail#String#
134,ts-notification-service,37,61,D:\projectPath1\nostub\removeDocument\train-ticket\ts-notification-service\src\main\java\notification\service\NotificationServiceImpl.java#F,NotificationServiceImpl#T,preserveSuccess#M,NotifyInfo#HttpHeaders#
135,ts-notification-service,64,88,D:\projectPath1\nostub\removeDocument\train-ticket\ts-notification-service\src\main\java\notification\service\NotificationServiceImpl.java#F,NotificationServiceImpl#T,orderCreateSuccess#M,NotifyInfo#HttpHeaders#
136,ts-notification-service,91,115,D:\projectPath1\nostub\removeDocument\train-ticket\ts-notification-service\src\main\java\notification\service\NotificationServiceImpl.java#F,NotificationServiceImpl#T,orderChangedSuccess#M,NotifyInfo#HttpHeaders#
137,ts-notification-service,118,136,D:\projectPath1\nostub\removeDocument\train-ticket\ts-notification-service\src\main\java\notification\service\NotificationServiceImpl.java#F,NotificationServiceImpl#T,orderCancelSuccess#M,NotifyInfo#HttpHeaders#
138,ts-order-other-service,66,89,D:\projectPath1\nostub\removeDocument\train-ticket\ts-order-other-service\src\main\java\other\config\SecurityConfig.java#F,SecurityConfig#T,configure#M,HttpSecurity#
139,ts-order-other-service,56,67,D:\projectPath1\nostub\removeDocument\train-ticket\ts-order-other-service\src\main\java\other\entity\Order.java#F,Order#T,Order#M,#
140,ts-order-other-service,70,96,D:\projectPath1\nostub\removeDocument\train-ticket\ts-order-other-service\src\main\java\other\entity\Order.java#F,Order#T,equals#M,Object#
141,ts-order-other-service,21,42,D:\projectPath1\nostub\removeDocument\train-ticket\ts-order-other-service\src\main\java\other\init\InitData.java#F,InitData#T,run#M,String...#
142,ts-order-other-service,39,60,D:\projectPath1\nostub\removeDocument\train-ticket\ts-order-other-service\src\main\java\other\service\OrderOtherServiceImpl.java#F,OrderOtherServiceImpl#T,getSoldTickets#M,Seat#HttpHeaders#
143,ts-order-other-service,73,86,D:\projectPath1\nostub\removeDocument\train-ticket\ts-order-other-service\src\main\java\other\service\OrderOtherServiceImpl.java#F,OrderOtherServiceImpl#T,create#M,Order#HttpHeaders#
144,ts-order-other-service,100,119,D:\projectPath1\nostub\removeDocument\train-ticket\ts-order-other-service\src\main\java\other\service\OrderOtherServiceImpl.java#F,OrderOtherServiceImpl#T,alterOrder#M,OrderAlterInfo#HttpHeaders#
145,ts-order-other-service,122,180,D:\projectPath1\nostub\removeDocument\train-ticket\ts-order-other-service\src\main\java\other\service\OrderOtherServiceImpl.java#F,OrderOtherServiceImpl#T,queryOrders#M,QueryInfo#String#HttpHeaders#
146,ts-order-other-service,183,196,D:\projectPath1\nostub\removeDocument\train-ticket\ts-order-other-service\src\main\java\other\service\OrderOtherServiceImpl.java#F,OrderOtherServiceImpl#T,queryOrdersForRefresh#M,QueryInfo#String#HttpHeaders#
147,ts-order-other-service,198,209,D:\projectPath1\nostub\removeDocument\train-ticket\ts-order-other-service\src\main\java\other\service\OrderOtherServiceImpl.java#F,OrderOtherServiceImpl#T,queryForStationId#M,List<String>#HttpHeaders#
148,ts-order-other-service,212,239,D:\projectPath1\nostub\removeDocument\train-ticket\ts-order-other-service\src\main\java\other\service\OrderOtherServiceImpl.java#F,OrderOtherServiceImpl#T,saveChanges#M,Order#HttpHeaders#
149,ts-order-other-service,242,254,D:\projectPath1\nostub\removeDocument\train-ticket\ts-order-other-service\src\main\java\other\service\OrderOtherServiceImpl.java#F,OrderOtherServiceImpl#T,cancelOrder#M,UUID#UUID#HttpHeaders#
150,ts-order-other-service,257,290,D:\projectPath1\nostub\removeDocument\train-ticket\ts-order-other-service\src\main\java\other\service\OrderOtherServiceImpl.java#F,OrderOtherServiceImpl#T,queryAlreadySoldOrders#M,Date#String#HttpHeaders#
151,ts-order-other-service,303,312,D:\projectPath1\nostub\removeDocument\train-ticket\ts-order-other-service\src\main\java\other\service\OrderOtherServiceImpl.java#F,OrderOtherServiceImpl#T,modifyOrder#M,String#int#HttpHeaders#
152,ts-order-other-service,315,323,D:\projectPath1\nostub\removeDocument\train-ticket\ts-order-other-service\src\main\java\other\service\OrderOtherServiceImpl.java#F,OrderOtherServiceImpl#T,getOrderPrice#M,String#HttpHeaders#
153,ts-order-other-service,326,335,D:\projectPath1\nostub\removeDocument\train-ticket\ts-order-other-service\src\main\java\other\service\OrderOtherServiceImpl.java#F,OrderOtherServiceImpl#T,payOrder#M,String#HttpHeaders#
154,ts-order-other-service,338,346,D:\projectPath1\nostub\removeDocument\train-ticket\ts-order-other-service\src\main\java\other\service\OrderOtherServiceImpl.java#F,OrderOtherServiceImpl#T,getOrderById#M,String#HttpHeaders#
155,ts-order-other-service,349,371,D:\projectPath1\nostub\removeDocument\train-ticket\ts-order-other-service\src\main\java\other\service\OrderOtherServiceImpl.java#F,OrderOtherServiceImpl#T,checkSecurityAboutOrder#M,Date#String#HttpHeaders#
156,ts-order-other-service,374,383,D:\projectPath1\nostub\removeDocument\train-ticket\ts-order-other-service\src\main\java\other\service\OrderOtherServiceImpl.java#F,OrderOtherServiceImpl#T,deleteOrder#M,String#HttpHeaders#
157,ts-order-other-service,386,399,D:\projectPath1\nostub\removeDocument\train-ticket\ts-order-other-service\src\main\java\other\service\OrderOtherServiceImpl.java#F,OrderOtherServiceImpl#T,addNewOrder#M,Order#HttpHeaders#
158,ts-order-other-service,402,429,D:\projectPath1\nostub\removeDocument\train-ticket\ts-order-other-service\src\main\java\other\service\OrderOtherServiceImpl.java#F,OrderOtherServiceImpl#T,updateOrder#M,Order#HttpHeaders#
159,ts-order-service,67,89,D:\projectPath1\nostub\removeDocument\train-ticket\ts-order-service\src\main\java\order\config\SecurityConfig.java#F,SecurityConfig#T,configure#M,HttpSecurity#
160,ts-order-service,61,72,D:\projectPath1\nostub\removeDocument\train-ticket\ts-order-service\src\main\java\order\entity\Order.java#F,Order#T,Order#M,#
161,ts-order-service,75,101,D:\projectPath1\nostub\removeDocument\train-ticket\ts-order-service\src\main\java\order\entity\Order.java#F,Order#T,equals#M,Object#
162,ts-order-service,27,85,D:\projectPath1\nostub\removeDocument\train-ticket\ts-order-service\src\main\java\order\init\InitData.java#F,InitData#T,run#M,String...#
163,ts-order-service,39,56,D:\projectPath1\nostub\removeDocument\train-ticket\ts-order-service\src\main\java\order\service\OrderServiceImpl.java#F,OrderServiceImpl#T,getSoldTickets#M,Seat#HttpHeaders#
164,ts-order-service,69,82,D:\projectPath1\nostub\removeDocument\train-ticket\ts-order-service\src\main\java\order\service\OrderServiceImpl.java#F,OrderServiceImpl#T,create#M,Order#HttpHeaders#
165,ts-order-service,85,104,D:\projectPath1\nostub\removeDocument\train-ticket\ts-order-service\src\main\java\order\service\OrderServiceImpl.java#F,OrderServiceImpl#T,alterOrder#M,OrderAlterInfo#HttpHeaders#
166,ts-order-service,107,165,D:\projectPath1\nostub\removeDocument\train-ticket\ts-order-service\src\main\java\order\service\OrderServiceImpl.java#F,OrderServiceImpl#T,queryOrders#M,OrderInfo#String#HttpHeaders#
167,ts-order-service,168,182,D:\projectPath1\nostub\removeDocument\train-ticket\ts-order-service\src\main\java\order\service\OrderServiceImpl.java#F,OrderServiceImpl#T,queryOrdersForRefresh#M,OrderInfo#String#HttpHeaders#
168,ts-order-service,184,195,D:\projectPath1\nostub\removeDocument\train-ticket\ts-order-service\src\main\java\order\service\OrderServiceImpl.java#F,OrderServiceImpl#T,queryForStationId#M,List<String>#HttpHeaders#
169,ts-order-service,198,224,D:\projectPath1\nostub\removeDocument\train-ticket\ts-order-service\src\main\java\order\service\OrderServiceImpl.java#F,OrderServiceImpl#T,saveChanges#M,Order#HttpHeaders#
170,ts-order-service,227,238,D:\projectPath1\nostub\removeDocument\train-ticket\ts-order-service\src\main\java\order\service\OrderServiceImpl.java#F,OrderServiceImpl#T,cancelOrder#M,UUID#UUID#HttpHeaders#
171,ts-order-service,241,274,D:\projectPath1\nostub\removeDocument\train-ticket\ts-order-service\src\main\java\order\service\OrderServiceImpl.java#F,OrderServiceImpl#T,queryAlreadySoldOrders#M,Date#String#HttpHeaders#
172,ts-order-service,277,284,D:\projectPath1\nostub\removeDocument\train-ticket\ts-order-service\src\main\java\order\service\OrderServiceImpl.java#F,OrderServiceImpl#T,getAllOrders#M,HttpHeaders#
173,ts-order-service,287,296,D:\projectPath1\nostub\removeDocument\train-ticket\ts-order-service\src\main\java\order\service\OrderServiceImpl.java#F,OrderServiceImpl#T,modifyOrder#M,String#int#HttpHeaders#
174,ts-order-service,299,308,D:\projectPath1\nostub\removeDocument\train-ticket\ts-order-service\src\main\java\order\service\OrderServiceImpl.java#F,OrderServiceImpl#T,getOrderPrice#M,String#HttpHeaders#
175,ts-order-service,311,320,D:\projectPath1\nostub\removeDocument\train-ticket\ts-order-service\src\main\java\order\service\OrderServiceImpl.java#F,OrderServiceImpl#T,payOrder#M,String#HttpHeaders#
176,ts-order-service,323,330,D:\projectPath1\nostub\removeDocument\train-ticket\ts-order-service\src\main\java\order\service\OrderServiceImpl.java#F,OrderServiceImpl#T,getOrderById#M,String#HttpHeaders#
177,ts-order-service,343,365,D:\projectPath1\nostub\removeDocument\train-ticket\ts-order-service\src\main\java\order\service\OrderServiceImpl.java#F,OrderServiceImpl#T,checkSecurityAboutOrder#M,Date#String#HttpHeaders#
178,ts-order-service,368,378,D:\projectPath1\nostub\removeDocument\train-ticket\ts-order-service\src\main\java\order\service\OrderServiceImpl.java#F,OrderServiceImpl#T,deleteOrder#M,String#HttpHeaders#
179,ts-order-service,381,394,D:\projectPath1\nostub\removeDocument\train-ticket\ts-order-service\src\main\java\order\service\OrderServiceImpl.java#F,OrderServiceImpl#T,addNewOrder#M,Order#HttpHeaders#
180,ts-order-service,397,424,D:\projectPath1\nostub\removeDocument\train-ticket\ts-order-service\src\main\java\order\service\OrderServiceImpl.java#F,OrderServiceImpl#T,updateOrder#M,Order#HttpHeaders#
181,ts-payment-service,63,80,D:\projectPath1\nostub\removeDocument\train-ticket\ts-payment-service\src\main\java\com\trainticket\config\SecurityConfig.java#F,SecurityConfig#T,configure#M,HttpSecurity#
182,ts-payment-service,32,44,D:\projectPath1\nostub\removeDocument\train-ticket\ts-payment-service\src\main\java\com\trainticket\service\PaymentServiceImpl.java#F,PaymentServiceImpl#T,pay#M,Payment#HttpHeaders#
183,ts-payment-service,47,53,D:\projectPath1\nostub\removeDocument\train-ticket\ts-payment-service\src\main\java\com\trainticket\service\PaymentServiceImpl.java#F,PaymentServiceImpl#T,addMoney#M,Payment#HttpHeaders#
184,ts-payment-service,56,63,D:\projectPath1\nostub\removeDocument\train-ticket\ts-payment-service\src\main\java\com\trainticket\service\PaymentServiceImpl.java#F,PaymentServiceImpl#T,query#M,HttpHeaders#
185,ts-preserve-other-service,63,80,D:\projectPath1\nostub\removeDocument\train-ticket\ts-preserve-other-service\src\main\java\preserveOther\config\SecurityConfig.java#F,SecurityConfig#T,configure#M,HttpSecurity#
186,ts-preserve-other-service,77,93,D:\projectPath1\nostub\removeDocument\train-ticket\ts-preserve-other-service\src\main\java\preserveOther\entity\Contacts.java#F,Contacts#T,equals#M,Object#
187,ts-preserve-other-service,51,62,D:\projectPath1\nostub\removeDocument\train-ticket\ts-preserve-other-service\src\main\java\preserveOther\entity\Order.java#F,Order#T,Order#M,#
188,ts-preserve-other-service,65,91,D:\projectPath1\nostub\removeDocument\train-ticket\ts-preserve-other-service\src\main\java\preserveOther\entity\Order.java#F,Order#T,equals#M,Object#
189,ts-preserve-other-service,50,58,D:\projectPath1\nostub\removeDocument\train-ticket\ts-preserve-other-service\src\main\java\preserveOther\entity\Trip.java#F,Trip#T,Trip#M,TripId#String#String#
190,ts-preserve-other-service,15,32,D:\projectPath1\nostub\removeDocument\train-ticket\ts-preserve-other-service\src\main\java\preserveOther\entity\TripId.java#F,TripId#T,TripId#M,String#
191,ts-preserve-other-service,33,244,D:\projectPath1\nostub\removeDocument\train-ticket\ts-preserve-other-service\src\main\java\preserveOther\service\PreserveOtherServiceImpl.java#F,PreserveOtherServiceImpl#T,preserve#M,OrderTicketsInfo#HttpHeaders#
192,ts-preserve-other-service,246,263,D:\projectPath1\nostub\removeDocument\train-ticket\ts-preserve-other-service\src\main\java\preserveOther\service\PreserveOtherServiceImpl.java#F,PreserveOtherServiceImpl#T,dipatchSeat#M,Date#String#String#String#int#HttpHeaders#
193,ts-preserve-other-service,265,276,D:\projectPath1\nostub\removeDocument\train-ticket\ts-preserve-other-service\src\main\java\preserveOther\service\PreserveOtherServiceImpl.java#F,PreserveOtherServiceImpl#T,sendEmail#M,NotifyInfo#HttpHeaders#
194,ts-preserve-other-service,278,292,D:\projectPath1\nostub\removeDocument\train-ticket\ts-preserve-other-service\src\main\java\preserveOther\service\PreserveOtherServiceImpl.java#F,PreserveOtherServiceImpl#T,getAccount#M,String#HttpHeaders#
195,ts-preserve-other-service,294,305,D:\projectPath1\nostub\removeDocument\train-ticket\ts-preserve-other-service\src\main\java\preserveOther\service\PreserveOtherServiceImpl.java#F,PreserveOtherServiceImpl#T,addAssuranceForOrder#M,int#String#HttpHeaders#
196,ts-preserve-other-service,308,320,D:\projectPath1\nostub\removeDocument\train-ticket\ts-preserve-other-service\src\main\java\preserveOther\service\PreserveOtherServiceImpl.java#F,PreserveOtherServiceImpl#T,queryForStationId#M,String#HttpHeaders#
197,ts-preserve-other-service,322,333,D:\projectPath1\nostub\removeDocument\train-ticket\ts-preserve-other-service\src\main\java\preserveOther\service\PreserveOtherServiceImpl.java#F,PreserveOtherServiceImpl#T,checkSecurity#M,String#HttpHeaders#
198,ts-preserve-other-service,336,348,D:\projectPath1\nostub\removeDocument\train-ticket\ts-preserve-other-service\src\main\java\preserveOther\service\PreserveOtherServiceImpl.java#F,PreserveOtherServiceImpl#T,getTripAllDetailInformation#M,TripAllDetailInfo#HttpHeaders#
199,ts-preserve-other-service,350,362,D:\projectPath1\nostub\removeDocument\train-ticket\ts-preserve-other-service\src\main\java\preserveOther\service\PreserveOtherServiceImpl.java#F,PreserveOtherServiceImpl#T,getContactsById#M,String#HttpHeaders#
200,ts-preserve-other-service,364,377,D:\projectPath1\nostub\removeDocument\train-ticket\ts-preserve-other-service\src\main\java\preserveOther\service\PreserveOtherServiceImpl.java#F,PreserveOtherServiceImpl#T,createOrder#M,Order#HttpHeaders#
201,ts-preserve-other-service,379,390,D:\projectPath1\nostub\removeDocument\train-ticket\ts-preserve-other-service\src\main\java\preserveOther\service\PreserveOtherServiceImpl.java#F,PreserveOtherServiceImpl#T,createFoodOrder#M,FoodOrder#HttpHeaders#
202,ts-preserve-other-service,392,404,D:\projectPath1\nostub\removeDocument\train-ticket\ts-preserve-other-service\src\main\java\preserveOther\service\PreserveOtherServiceImpl.java#F,PreserveOtherServiceImpl#T,createConsign#M,Consign#HttpHeaders#
203,ts-preserve-service,63,80,D:\projectPath1\nostub\removeDocument\train-ticket\ts-preserve-service\src\main\java\preserve\config\SecurityConfig.java#F,SecurityConfig#T,configure#M,HttpSecurity#
204,ts-preserve-service,77,93,D:\projectPath1\nostub\removeDocument\train-ticket\ts-preserve-service\src\main\java\preserve\entity\Contacts.java#F,Contacts#T,equals#M,Object#
205,ts-preserve-service,51,62,D:\projectPath1\nostub\removeDocument\train-ticket\ts-preserve-service\src\main\java\preserve\entity\Order.java#F,Order#T,Order#M,#
206,ts-preserve-service,65,91,D:\projectPath1\nostub\removeDocument\train-ticket\ts-preserve-service\src\main\java\preserve\entity\Order.java#F,Order#T,equals#M,Object#
207,ts-preserve-service,51,59,D:\projectPath1\nostub\removeDocument\train-ticket\ts-preserve-service\src\main\java\preserve\entity\Trip.java#F,Trip#T,Trip#M,TripId#String#String#
208,ts-preserve-service,15,32,D:\projectPath1\nostub\removeDocument\train-ticket\ts-preserve-service\src\main\java\preserve\entity\TripId.java#F,TripId#T,TripId#M,String#
209,ts-preserve-service,33,240,D:\projectPath1\nostub\removeDocument\train-ticket\ts-preserve-service\src\main\java\preserve\service\PreserveServiceImpl.java#F,PreserveServiceImpl#T,preserve#M,OrderTicketsInfo#HttpHeaders#
210,ts-preserve-service,242,259,D:\projectPath1\nostub\removeDocument\train-ticket\ts-preserve-service\src\main\java\preserve\service\PreserveServiceImpl.java#F,PreserveServiceImpl#T,dipatchSeat#M,Date#String#String#String#int#HttpHeaders#
211,ts-preserve-service,261,271,D:\projectPath1\nostub\removeDocument\train-ticket\ts-preserve-service\src\main\java\preserve\service\PreserveServiceImpl.java#F,PreserveServiceImpl#T,sendEmail#M,NotifyInfo#HttpHeaders#
212,ts-preserve-service,273,285,D:\projectPath1\nostub\removeDocument\train-ticket\ts-preserve-service\src\main\java\preserve\service\PreserveServiceImpl.java#F,PreserveServiceImpl#T,getAccount#M,String#HttpHeaders#
213,ts-preserve-service,287,297,D:\projectPath1\nostub\removeDocument\train-ticket\ts-preserve-service\src\main\java\preserve\service\PreserveServiceImpl.java#F,PreserveServiceImpl#T,addAssuranceForOrder#M,int#String#HttpHeaders#
214,ts-preserve-service,299,312,D:\projectPath1\nostub\removeDocument\train-ticket\ts-preserve-service\src\main\java\preserve\service\PreserveServiceImpl.java#F,PreserveServiceImpl#T,queryForStationId#M,String#HttpHeaders#
215,ts-preserve-service,314,325,D:\projectPath1\nostub\removeDocument\train-ticket\ts-preserve-service\src\main\java\preserve\service\PreserveServiceImpl.java#F,PreserveServiceImpl#T,checkSecurity#M,String#HttpHeaders#
216,ts-preserve-service,328,340,D:\projectPath1\nostub\removeDocument\train-ticket\ts-preserve-service\src\main\java\preserve\service\PreserveServiceImpl.java#F,PreserveServiceImpl#T,getTripAllDetailInformation#M,TripAllDetailInfo#HttpHeaders#
217,ts-preserve-service,343,355,D:\projectPath1\nostub\removeDocument\train-ticket\ts-preserve-service\src\main\java\preserve\service\PreserveServiceImpl.java#F,PreserveServiceImpl#T,getContactsById#M,String#HttpHeaders#
218,ts-preserve-service,357,369,D:\projectPath1\nostub\removeDocument\train-ticket\ts-preserve-service\src\main\java\preserve\service\PreserveServiceImpl.java#F,PreserveServiceImpl#T,createOrder#M,Order#HttpHeaders#
219,ts-preserve-service,371,382,D:\projectPath1\nostub\removeDocument\train-ticket\ts-preserve-service\src\main\java\preserve\service\PreserveServiceImpl.java#F,PreserveServiceImpl#T,createFoodOrder#M,FoodOrder#HttpHeaders#
220,ts-preserve-service,384,394,D:\projectPath1\nostub\removeDocument\train-ticket\ts-preserve-service\src\main\java\preserve\service\PreserveServiceImpl.java#F,PreserveServiceImpl#T,createConsign#M,Consign#HttpHeaders#
221,ts-price-service,67,87,D:\projectPath1\nostub\removeDocument\train-ticket\ts-price-service\src\main\java\price\config\SecurityConfig.java#F,SecurityConfig#T,configure#M,HttpSecurity#
222,ts-price-service,25,95,D:\projectPath1\nostub\removeDocument\train-ticket\ts-price-service\src\main\java\price\init\InitData.java#F,InitData#T,run#M,String...#
223,ts-price-service,31,57,D:\projectPath1\nostub\removeDocument\train-ticket\ts-price-service\src\main\java\price\service\PriceServiceImpl.java#F,PriceServiceImpl#T,createNewPriceConfig#M,PriceConfig#HttpHeaders#
224,ts-price-service,66,76,D:\projectPath1\nostub\removeDocument\train-ticket\ts-price-service\src\main\java\price\service\PriceServiceImpl.java#F,PriceServiceImpl#T,findByRouteIdAndTrainType#M,String#String#HttpHeaders#
225,ts-price-service,80,92,D:\projectPath1\nostub\removeDocument\train-ticket\ts-price-service\src\main\java\price\service\PriceServiceImpl.java#F,PriceServiceImpl#T,findAllPriceConfig#M,HttpHeaders#
226,ts-price-service,95,109,D:\projectPath1\nostub\removeDocument\train-ticket\ts-price-service\src\main\java\price\service\PriceServiceImpl.java#F,PriceServiceImpl#T,deletePriceConfig#M,PriceConfig#HttpHeaders#
227,ts-price-service,112,125,D:\projectPath1\nostub\removeDocument\train-ticket\ts-price-service\src\main\java\price\service\PriceServiceImpl.java#F,PriceServiceImpl#T,updatePriceConfig#M,PriceConfig#HttpHeaders#
228,ts-rebook-service,63,80,D:\projectPath1\nostub\removeDocument\train-ticket\ts-rebook-service\src\main\java\rebook\config\SecurityConfig.java#F,SecurityConfig#T,configure#M,HttpSecurity#
229,ts-rebook-service,77,93,D:\projectPath1\nostub\removeDocument\train-ticket\ts-rebook-service\src\main\java\rebook\entity\Contacts.java#F,Contacts#T,equals#M,Object#
230,ts-rebook-service,53,65,D:\projectPath1\nostub\removeDocument\train-ticket\ts-rebook-service\src\main\java\rebook\entity\Order.java#F,Order#T,Order#M,#
231,ts-rebook-service,68,94,D:\projectPath1\nostub\removeDocument\train-ticket\ts-rebook-service\src\main\java\rebook\entity\Order.java#F,Order#T,equals#M,Object#
232,ts-rebook-service,17,34,D:\projectPath1\nostub\removeDocument\train-ticket\ts-rebook-service\src\main\java\rebook\entity\TripId.java#F,TripId#T,TripId#M,String#
233,ts-rebook-service,56,68,D:\projectPath1\nostub\removeDocument\train-ticket\ts-rebook-service\src\main\java\rebook\entity\TripResponse.java#F,TripResponse#T,TripResponse#M,#
234,ts-rebook-service,29,113,D:\projectPath1\nostub\removeDocument\train-ticket\ts-rebook-service\src\main\java\rebook\service\RebookServiceImpl.java#F,RebookServiceImpl#T,rebook#M,RebookInfo#HttpHeaders#
235,ts-rebook-service,116,149,D:\projectPath1\nostub\removeDocument\train-ticket\ts-rebook-service\src\main\java\rebook\service\RebookServiceImpl.java#F,RebookServiceImpl#T,payDifference#M,RebookInfo#HttpHeaders#
236,ts-rebook-service,151,197,D:\projectPath1\nostub\removeDocument\train-ticket\ts-rebook-service\src\main\java\rebook\service\RebookServiceImpl.java#F,RebookServiceImpl#T,updateOrder#M,Order#RebookInfo#TripAllDetail#String#HttpHeaders#
237,ts-rebook-service,199,215,D:\projectPath1\nostub\removeDocument\train-ticket\ts-rebook-service\src\main\java\rebook\service\RebookServiceImpl.java#F,RebookServiceImpl#T,dipatchSeat#M,Date#String#String#String#int#HttpHeaders#
238,ts-rebook-service,222,249,D:\projectPath1\nostub\removeDocument\train-ticket\ts-rebook-service\src\main\java\rebook\service\RebookServiceImpl.java#F,RebookServiceImpl#T,checkTime#M,Date#Date#
239,ts-rebook-service,252,271,D:\projectPath1\nostub\removeDocument\train-ticket\ts-rebook-service\src\main\java\rebook\service\RebookServiceImpl.java#F,RebookServiceImpl#T,getTripAllDetailInformation#M,TripAllDetailInfo#String#HttpHeaders#
240,ts-rebook-service,273,289,D:\projectPath1\nostub\removeDocument\train-ticket\ts-rebook-service\src\main\java\rebook\service\RebookServiceImpl.java#F,RebookServiceImpl#T,createOrder#M,Order#String#HttpHeaders#
241,ts-rebook-service,291,305,D:\projectPath1\nostub\removeDocument\train-ticket\ts-rebook-service\src\main\java\rebook\service\RebookServiceImpl.java#F,RebookServiceImpl#T,updateOrder#M,Order#String#HttpHeaders#
242,ts-rebook-service,307,323,D:\projectPath1\nostub\removeDocument\train-ticket\ts-rebook-service\src\main\java\rebook\service\RebookServiceImpl.java#F,RebookServiceImpl#T,deleteOrder#M,String#String#HttpHeaders#
243,ts-rebook-service,325,343,D:\projectPath1\nostub\removeDocument\train-ticket\ts-rebook-service\src\main\java\rebook\service\RebookServiceImpl.java#F,RebookServiceImpl#T,getOrderByRebookInfo#M,RebookInfo#HttpHeaders#
244,ts-rebook-service,345,354,D:\projectPath1\nostub\removeDocument\train-ticket\ts-rebook-service\src\main\java\rebook\service\RebookServiceImpl.java#F,RebookServiceImpl#T,queryForStationName#M,String#HttpHeaders#
245,ts-rebook-service,356,371,D:\projectPath1\nostub\removeDocument\train-ticket\ts-rebook-service\src\main\java\rebook\service\RebookServiceImpl.java#F,RebookServiceImpl#T,payDifferentMoney#M,String#String#String#String#HttpHeaders#
246,ts-rebook-service,373,383,D:\projectPath1\nostub\removeDocument\train-ticket\ts-rebook-service\src\main\java\rebook\service\RebookServiceImpl.java#F,RebookServiceImpl#T,drawBackMoney#M,String#String#HttpHeaders#
247,ts-route-plan-service,63,80,D:\projectPath1\nostub\removeDocument\train-ticket\ts-route-plan-service\src\main\java\plan\config\SecurityConfig.java#F,SecurityConfig#T,configure#M,HttpSecurity#
248,ts-route-plan-service,17,30,D:\projectPath1\nostub\removeDocument\train-ticket\ts-route-plan-service\src\main\java\plan\entity\TripId.java#F,TripId#T,TripId#M,String#
249,ts-route-plan-service,30,84,D:\projectPath1\nostub\removeDocument\train-ticket\ts-route-plan-service\src\main\java\plan\service\RoutePlanServiceImpl.java#F,RoutePlanServiceImpl#T,searchCheapestResult#M,RoutePlanInfo#HttpHeaders#
250,ts-route-plan-service,87,147,D:\projectPath1\nostub\removeDocument\train-ticket\ts-route-plan-service\src\main\java\plan\service\RoutePlanServiceImpl.java#F,RoutePlanServiceImpl#T,searchQuickestResult#M,RoutePlanInfo#HttpHeaders#
251,ts-route-plan-service,150,271,D:\projectPath1\nostub\removeDocument\train-ticket\ts-route-plan-service\src\main\java\plan\service\RoutePlanServiceImpl.java#F,RoutePlanServiceImpl#T,searchMinStopStations#M,RoutePlanInfo#HttpHeaders#
252,ts-route-plan-service,273,284,D:\projectPath1\nostub\removeDocument\train-ticket\ts-route-plan-service\src\main\java\plan\service\RoutePlanServiceImpl.java#F,RoutePlanServiceImpl#T,queryForStationId#M,String#HttpHeaders#
253,ts-route-plan-service,286,304,D:\projectPath1\nostub\removeDocument\train-ticket\ts-route-plan-service\src\main\java\plan\service\RoutePlanServiceImpl.java#F,RoutePlanServiceImpl#T,getRouteByRouteId#M,String#HttpHeaders#
254,ts-route-plan-service,306,319,D:\projectPath1\nostub\removeDocument\train-ticket\ts-route-plan-service\src\main\java\plan\service\RoutePlanServiceImpl.java#F,RoutePlanServiceImpl#T,getTripFromHighSpeedTravelServive#M,TripInfo#HttpHeaders#
255,ts-route-plan-service,321,333,D:\projectPath1\nostub\removeDocument\train-ticket\ts-route-plan-service\src\main\java\plan\service\RoutePlanServiceImpl.java#F,RoutePlanServiceImpl#T,getTripFromNormalTrainTravelService#M,TripInfo#HttpHeaders#
256,ts-route-plan-service,335,352,D:\projectPath1\nostub\removeDocument\train-ticket\ts-route-plan-service\src\main\java\plan\service\RoutePlanServiceImpl.java#F,RoutePlanServiceImpl#T,getStationList#M,String#HttpHeaders#
257,ts-route-service,64,83,D:\projectPath1\nostub\removeDocument\train-ticket\ts-route-service\src\main\java\route\config\SecurityConfig.java#F,SecurityConfig#T,configure#M,HttpSecurity#
258,ts-route-service,23,96,D:\projectPath1\nostub\removeDocument\train-ticket\ts-route-service\src\main\java\route\init\InitData.java#F,InitData#T,run#M,String...#
259,ts-route-service,30,73,D:\projectPath1\nostub\removeDocument\train-ticket\ts-route-service\src\main\java\route\service\RouteServiceImpl.java#F,RouteServiceImpl#T,createAndModify#M,RouteInfo#HttpHeaders#
260,ts-route-service,76,84,D:\projectPath1\nostub\removeDocument\train-ticket\ts-route-service\src\main\java\route\service\RouteServiceImpl.java#F,RouteServiceImpl#T,deleteRoute#M,String#HttpHeaders#
261,ts-route-service,98,114,D:\projectPath1\nostub\removeDocument\train-ticket\ts-route-service\src\main\java\route\service\RouteServiceImpl.java#F,RouteServiceImpl#T,getRouteByStartAndTerminal#M,String#String#HttpHeaders#
262,ts-route-service,117,124,D:\projectPath1\nostub\removeDocument\train-ticket\ts-route-service\src\main\java\route\service\RouteServiceImpl.java#F,RouteServiceImpl#T,getAllRoutes#M,HttpHeaders#
263,ts-seat-service,64,82,D:\projectPath1\nostub\removeDocument\train-ticket\ts-seat-service\src\main\java\seat\config\SecurityConfig.java#F,SecurityConfig#T,configure#M,HttpSecurity#
264,ts-seat-service,31,157,D:\projectPath1\nostub\removeDocument\train-ticket\ts-seat-service\src\main\java\seat\service\SeatServiceImpl.java#F,SeatServiceImpl#T,distributeSeat#M,Seat#HttpHeaders#
265,ts-seat-service,171,302,D:\projectPath1\nostub\removeDocument\train-ticket\ts-seat-service\src\main\java\seat\service\SeatServiceImpl.java#F,SeatServiceImpl#T,getLeftTicketOfInterval#M,Seat#HttpHeaders#
266,ts-seat-service,304,317,D:\projectPath1\nostub\removeDocument\train-ticket\ts-seat-service\src\main\java\seat\service\SeatServiceImpl.java#F,SeatServiceImpl#T,getDirectProportion#M,HttpHeaders#
267,ts-security-service,63,80,D:\projectPath1\nostub\removeDocument\train-ticket\ts-security-service\src\main\java\security\config\SecurityConfig.java#F,SecurityConfig#T,configure#M,HttpSecurity#
268,ts-security-service,53,64,D:\projectPath1\nostub\removeDocument\train-ticket\ts-security-service\src\main\java\security\entity\Order.java#F,Order#T,Order#M,#
269,ts-security-service,67,93,D:\projectPath1\nostub\removeDocument\train-ticket\ts-security-service\src\main\java\security\entity\Order.java#F,Order#T,equals#M,Object#
270,ts-security-service,19,32,D:\projectPath1\nostub\removeDocument\train-ticket\ts-security-service\src\main\java\security\init\InitData.java#F,InitData#T,run#M,String...#
271,ts-security-service,39,45,D:\projectPath1\nostub\removeDocument\train-ticket\ts-security-service\src\main\java\security\service\SecurityServiceImpl.java#F,SecurityServiceImpl#T,findAllSecurityConfig#M,HttpHeaders#
272,ts-security-service,48,61,D:\projectPath1\nostub\removeDocument\train-ticket\ts-security-service\src\main\java\security\service\SecurityServiceImpl.java#F,SecurityServiceImpl#T,addNewSecurityConfig#M,SecurityConfig#HttpHeaders#
273,ts-security-service,64,75,D:\projectPath1\nostub\removeDocument\train-ticket\ts-security-service\src\main\java\security\service\SecurityServiceImpl.java#F,SecurityServiceImpl#T,modifySecurityConfig#M,SecurityConfig#HttpHeaders#
274,ts-security-service,78,86,D:\projectPath1\nostub\removeDocument\train-ticket\ts-security-service\src\main\java\security\service\SecurityServiceImpl.java#F,SecurityServiceImpl#T,deleteSecurityConfig#M,String#HttpHeaders#
275,ts-security-service,89,108,D:\projectPath1\nostub\removeDocument\train-ticket\ts-security-service\src\main\java\security\service\SecurityServiceImpl.java#F,SecurityServiceImpl#T,check#M,String#HttpHeaders#
276,ts-security-service,110,123,D:\projectPath1\nostub\removeDocument\train-ticket\ts-security-service\src\main\java\security\service\SecurityServiceImpl.java#F,SecurityServiceImpl#T,getSecurityOrderInfoFromOrder#M,Date#String#HttpHeaders#
277,ts-security-service,125,138,D:\projectPath1\nostub\removeDocument\train-ticket\ts-security-service\src\main\java\security\service\SecurityServiceImpl.java#F,SecurityServiceImpl#T,getSecurityOrderOtherInfoFromOrder#M,Date#String#HttpHeaders#
278,ts-station-service,64,84,D:\projectPath1\nostub\removeDocument\train-ticket\ts-station-service\src\main\java\fdse\microservice\config\SecurityConfig.java#F,SecurityConfig#T,configure#M,HttpSecurity#
279,ts-station-service,16,85,D:\projectPath1\nostub\removeDocument\train-ticket\ts-station-service\src\main\java\fdse\microservice\init\InitData.java#F,InitData#T,run#M,String...#
280,ts-station-service,23,30,D:\projectPath1\nostub\removeDocument\train-ticket\ts-station-service\src\main\java\fdse\microservice\service\StationServiceImpl.java#F,StationServiceImpl#T,create#M,Station#HttpHeaders#
281,ts-station-service,43,53,D:\projectPath1\nostub\removeDocument\train-ticket\ts-station-service\src\main\java\fdse\microservice\service\StationServiceImpl.java#F,StationServiceImpl#T,update#M,Station#HttpHeaders#
282,ts-station-service,56,64,D:\projectPath1\nostub\removeDocument\train-ticket\ts-station-service\src\main\java\fdse\microservice\service\StationServiceImpl.java#F,StationServiceImpl#T,delete#M,Station#HttpHeaders#
283,ts-station-service,67,74,D:\projectPath1\nostub\removeDocument\train-ticket\ts-station-service\src\main\java\fdse\microservice\service\StationServiceImpl.java#F,StationServiceImpl#T,query#M,HttpHeaders#
284,ts-station-service,89,106,D:\projectPath1\nostub\removeDocument\train-ticket\ts-station-service\src\main\java\fdse\microservice\service\StationServiceImpl.java#F,StationServiceImpl#T,queryForIdBatch#M,List<String>#HttpHeaders#
285,ts-station-service,119,134,D:\projectPath1\nostub\removeDocument\train-ticket\ts-station-service\src\main\java\fdse\microservice\service\StationServiceImpl.java#F,StationServiceImpl#T,queryByIdBatch#M,List<String>#HttpHeaders#
286,ts-ticketinfo-service,56,73,D:\projectPath1\nostub\removeDocument\train-ticket\ts-ticketinfo-service\src\main\java\ticketinfo\config\SecurityConfig.java#F,SecurityConfig#T,configure#M,HttpSecurity#
287,ts-ticketinfo-service,49,57,D:\projectPath1\nostub\removeDocument\train-ticket\ts-ticketinfo-service\src\main\java\ticketinfo\entity\Trip.java#F,Trip#T,Trip#M,TripId#String#String#
288,ts-ticketinfo-service,15,32,D:\projectPath1\nostub\removeDocument\train-ticket\ts-ticketinfo-service\src\main\java\ticketinfo\entity\TripId.java#F,TripId#T,TripId#M,String#
289,ts-train-service,63,83,D:\projectPath1\nostub\removeDocument\train-ticket\ts-train-service\src\main\java\train\config\SecurityConfig.java#F,SecurityConfig#T,configure#M,HttpSecurity#
290,ts-train-service,17,55,D:\projectPath1\nostub\removeDocument\train-ticket\ts-train-service\src\main\java\train\init\InitData.java#F,InitData#T,run#M,String...#
291,ts-train-service,19,28,D:\projectPath1\nostub\removeDocument\train-ticket\ts-train-service\src\main\java\train\service\TrainServiceImpl.java#F,TrainServiceImpl#T,create#M,TrainType#HttpHeaders#
292,ts-train-service,40,50,D:\projectPath1\nostub\removeDocument\train-ticket\ts-train-service\src\main\java\train\service\TrainServiceImpl.java#F,TrainServiceImpl#T,update#M,TrainType#HttpHeaders#
293,ts-travel-plan-service,63,80,D:\projectPath1\nostub\removeDocument\train-ticket\ts-travel-plan-service\src\main\java\travelplan\config\SecurityConfig.java#F,SecurityConfig#T,configure#M,HttpSecurity#
294,ts-travel-plan-service,18,35,D:\projectPath1\nostub\removeDocument\train-ticket\ts-travel-plan-service\src\main\java\travelplan\entity\TripId.java#F,TripId#T,TripId#M,String#
295,ts-travel-plan-service,35,70,D:\projectPath1\nostub\removeDocument\train-ticket\ts-travel-plan-service\src\main\java\travelplan\service\TravelPlanServiceImpl.java#F,TravelPlanServiceImpl#T,getTransferSearch#M,TransferTravelInfo#HttpHeaders#
296,ts-travel-plan-service,73,111,D:\projectPath1\nostub\removeDocument\train-ticket\ts-travel-plan-service\src\main\java\travelplan\service\TravelPlanServiceImpl.java#F,TravelPlanServiceImpl#T,getCheapest#M,TripInfo#HttpHeaders#
297,ts-travel-plan-service,114,154,D:\projectPath1\nostub\removeDocument\train-ticket\ts-travel-plan-service\src\main\java\travelplan\service\TravelPlanServiceImpl.java#F,TravelPlanServiceImpl#T,getQuickest#M,TripInfo#HttpHeaders#
298,ts-travel-plan-service,157,197,D:\projectPath1\nostub\removeDocument\train-ticket\ts-travel-plan-service\src\main\java\travelplan\service\TravelPlanServiceImpl.java#F,TravelPlanServiceImpl#T,getMinStation#M,TripInfo#HttpHeaders#
299,ts-travel-plan-service,199,221,D:\projectPath1\nostub\removeDocument\train-ticket\ts-travel-plan-service\src\main\java\travelplan\service\TravelPlanServiceImpl.java#F,TravelPlanServiceImpl#T,getRestTicketNumber#M,Date#String#String#String#int#HttpHeaders#
300,ts-travel-plan-service,223,232,D:\projectPath1\nostub\removeDocument\train-ticket\ts-travel-plan-service\src\main\java\travelplan\service\TravelPlanServiceImpl.java#F,TravelPlanServiceImpl#T,getRoutePlanResultCheapest#M,RoutePlanInfo#HttpHeaders#
301,ts-travel-plan-service,234,244,D:\projectPath1\nostub\removeDocument\train-ticket\ts-travel-plan-service\src\main\java\travelplan\service\TravelPlanServiceImpl.java#F,TravelPlanServiceImpl#T,getRoutePlanResultQuickest#M,RoutePlanInfo#HttpHeaders#
302,ts-travel-plan-service,246,255,D:\projectPath1\nostub\removeDocument\train-ticket\ts-travel-plan-service\src\main\java\travelplan\service\TravelPlanServiceImpl.java#F,TravelPlanServiceImpl#T,getRoutePlanResultMinStation#M,RoutePlanInfo#HttpHeaders#
303,ts-travel-plan-service,257,266,D:\projectPath1\nostub\removeDocument\train-ticket\ts-travel-plan-service\src\main\java\travelplan\service\TravelPlanServiceImpl.java#F,TravelPlanServiceImpl#T,tripsFromHighSpeed#M,TripInfo#HttpHeaders#
304,ts-travel-plan-service,268,279,D:\projectPath1\nostub\removeDocument\train-ticket\ts-travel-plan-service\src\main\java\travelplan\service\TravelPlanServiceImpl.java#F,TravelPlanServiceImpl#T,tripsFromNormal#M,TripInfo#HttpHeaders#
305,ts-travel-plan-service,281,292,D:\projectPath1\nostub\removeDocument\train-ticket\ts-travel-plan-service\src\main\java\travelplan\service\TravelPlanServiceImpl.java#F,TravelPlanServiceImpl#T,queryForStationId#M,String#HttpHeaders#
306,ts-travel-plan-service,294,304,D:\projectPath1\nostub\removeDocument\train-ticket\ts-travel-plan-service\src\main\java\travelplan\service\TravelPlanServiceImpl.java#F,TravelPlanServiceImpl#T,transferStationIdToStationName#M,ArrayList<String>#HttpHeaders#
307,ts-travel-service,64,84,D:\projectPath1\nostub\removeDocument\train-ticket\ts-travel-service\src\main\java\travel\config\SecurityConfig.java#F,SecurityConfig#T,configure#M,HttpSecurity#
308,ts-travel-service,21,35,D:\projectPath1\nostub\removeDocument\train-ticket\ts-travel-service\src\main\java\travel\entity\TripId.java#F,TripId#T,TripId#M,String#
309,ts-travel-service,26,78,D:\projectPath1\nostub\removeDocument\train-ticket\ts-travel-service\src\main\java\travel\init\InitData.java#F,InitData#T,run#M,String...#
310,ts-travel-service,38,49,D:\projectPath1\nostub\removeDocument\train-ticket\ts-travel-service\src\main\java\travel\service\TravelServiceImpl.java#F,TravelServiceImpl#T,create#M,TravelInfo#HttpHeaders#
311,ts-travel-service,52,66,D:\projectPath1\nostub\removeDocument\train-ticket\ts-travel-service\src\main\java\travel\service\TravelServiceImpl.java#F,TravelServiceImpl#T,getRouteByTripId#M,String#HttpHeaders#
312,ts-travel-service,69,81,D:\projectPath1\nostub\removeDocument\train-ticket\ts-travel-service\src\main\java\travel\service\TravelServiceImpl.java#F,TravelServiceImpl#T,getTrainTypeByTripId#M,String#HttpHeaders#
313,ts-travel-service,84,98,D:\projectPath1\nostub\removeDocument\train-ticket\ts-travel-service\src\main\java\travel\service\TravelServiceImpl.java#F,TravelServiceImpl#T,getTripByRoute#M,ArrayList<String>#HttpHeaders#
314,ts-travel-service,102,110,D:\projectPath1\nostub\removeDocument\train-ticket\ts-travel-service\src\main\java\travel\service\TravelServiceImpl.java#F,TravelServiceImpl#T,retrieve#M,String#HttpHeaders#
315,ts-travel-service,113,124,D:\projectPath1\nostub\removeDocument\train-ticket\ts-travel-service\src\main\java\travel\service\TravelServiceImpl.java#F,TravelServiceImpl#T,update#M,TravelInfo#HttpHeaders#
316,ts-travel-service,127,135,D:\projectPath1\nostub\removeDocument\train-ticket\ts-travel-service\src\main\java\travel\service\TravelServiceImpl.java#F,TravelServiceImpl#T,delete#M,String#HttpHeaders#
317,ts-travel-service,138,167,D:\projectPath1\nostub\removeDocument\train-ticket\ts-travel-service\src\main\java\travel\service\TravelServiceImpl.java#F,TravelServiceImpl#T,query#M,TripInfo#HttpHeaders#
318,ts-travel-service,170,194,D:\projectPath1\nostub\removeDocument\train-ticket\ts-travel-service\src\main\java\travel\service\TravelServiceImpl.java#F,TravelServiceImpl#T,getTripAllDetailInfo#M,TripAllDetailInfo#HttpHeaders#
319,ts-travel-service,196,275,D:\projectPath1\nostub\removeDocument\train-ticket\ts-travel-service\src\main\java\travel\service\TravelServiceImpl.java#F,TravelServiceImpl#T,getTickets#M,Trip#Route#String#String#String#String#Date#HttpHeaders#
320,ts-travel-service,278,284,D:\projectPath1\nostub\removeDocument\train-ticket\ts-travel-service\src\main\java\travel\service\TravelServiceImpl.java#F,TravelServiceImpl#T,queryAll#M,HttpHeaders#
321,ts-travel-service,286,307,D:\projectPath1\nostub\removeDocument\train-ticket\ts-travel-service\src\main\java\travel\service\TravelServiceImpl.java#F,TravelServiceImpl#T,afterToday#M,Date#
322,ts-travel-service,309,319,D:\projectPath1\nostub\removeDocument\train-ticket\ts-travel-service\src\main\java\travel\service\TravelServiceImpl.java#F,TravelServiceImpl#T,getTrainType#M,String#HttpHeaders#
323,ts-travel-service,321,332,D:\projectPath1\nostub\removeDocument\train-ticket\ts-travel-service\src\main\java\travel\service\TravelServiceImpl.java#F,TravelServiceImpl#T,queryForStationId#M,String#HttpHeaders#
324,ts-travel-service,334,351,D:\projectPath1\nostub\removeDocument\train-ticket\ts-travel-service\src\main\java\travel\service\TravelServiceImpl.java#F,TravelServiceImpl#T,getRouteByRouteId#M,String#HttpHeaders#
325,ts-travel-service,353,377,D:\projectPath1\nostub\removeDocument\train-ticket\ts-travel-service\src\main\java\travel\service\TravelServiceImpl.java#F,TravelServiceImpl#T,getRestTicketNumber#M,Date#String#String#String#int#HttpHeaders#
326,ts-travel-service,380,395,D:\projectPath1\nostub\removeDocument\train-ticket\ts-travel-service\src\main\java\travel\service\TravelServiceImpl.java#F,TravelServiceImpl#T,adminQueryAll#M,HttpHeaders#
327,ts-travel2-service,67,87,D:\projectPath1\nostub\removeDocument\train-ticket\ts-travel2-service\src\main\java\travel2\config\SecurityConfig.java#F,SecurityConfig#T,configure#M,HttpSecurity#
328,ts-travel2-service,55,63,D:\projectPath1\nostub\removeDocument\train-ticket\ts-travel2-service\src\main\java\travel2\entity\Trip.java#F,Trip#T,Trip#M,TripId#String#String#
329,ts-travel2-service,17,30,D:\projectPath1\nostub\removeDocument\train-ticket\ts-travel2-service\src\main\java\travel2\entity\TripId.java#F,TripId#T,TripId#M,String#
330,ts-travel2-service,59,70,D:\projectPath1\nostub\removeDocument\train-ticket\ts-travel2-service\src\main\java\travel2\entity\TripResponse.java#F,TripResponse#T,TripResponse#M,#
331,ts-travel2-service,25,77,D:\projectPath1\nostub\removeDocument\train-ticket\ts-travel2-service\src\main\java\travel2\init\InitData.java#F,InitData#T,run#M,String...#
332,ts-travel2-service,38,54,D:\projectPath1\nostub\removeDocument\train-ticket\ts-travel2-service\src\main\java\travel2\service\Travel2ServiceImpl.java#F,Travel2ServiceImpl#T,getRouteByTripId#M,String#HttpHeaders#
333,ts-travel2-service,58,70,D:\projectPath1\nostub\removeDocument\train-ticket\ts-travel2-service\src\main\java\travel2\service\Travel2ServiceImpl.java#F,Travel2ServiceImpl#T,getTrainTypeByTripId#M,String#HttpHeaders#
334,ts-travel2-service,73,87,D:\projectPath1\nostub\removeDocument\train-ticket\ts-travel2-service\src\main\java\travel2\service\Travel2ServiceImpl.java#F,Travel2ServiceImpl#T,getTripByRoute#M,ArrayList<String>#HttpHeaders#
335,ts-travel2-service,90,101,D:\projectPath1\nostub\removeDocument\train-ticket\ts-travel2-service\src\main\java\travel2\service\Travel2ServiceImpl.java#F,Travel2ServiceImpl#T,create#M,TravelInfo#HttpHeaders#
336,ts-travel2-service,104,112,D:\projectPath1\nostub\removeDocument\train-ticket\ts-travel2-service\src\main\java\travel2\service\Travel2ServiceImpl.java#F,Travel2ServiceImpl#T,retrieve#M,String#HttpHeaders#
337,ts-travel2-service,115,126,D:\projectPath1\nostub\removeDocument\train-ticket\ts-travel2-service\src\main\java\travel2\service\Travel2ServiceImpl.java#F,Travel2ServiceImpl#T,update#M,TravelInfo#HttpHeaders#
338,ts-travel2-service,129,137,D:\projectPath1\nostub\removeDocument\train-ticket\ts-travel2-service\src\main\java\travel2\service\Travel2ServiceImpl.java#F,Travel2ServiceImpl#T,delete#M,String#HttpHeaders#
339,ts-travel2-service,140,169,D:\projectPath1\nostub\removeDocument\train-ticket\ts-travel2-service\src\main\java\travel2\service\Travel2ServiceImpl.java#F,Travel2ServiceImpl#T,query#M,TripInfo#HttpHeaders#
340,ts-travel2-service,172,198,D:\projectPath1\nostub\removeDocument\train-ticket\ts-travel2-service\src\main\java\travel2\service\Travel2ServiceImpl.java#F,Travel2ServiceImpl#T,getTripAllDetailInfo#M,TripAllDetailInfo#HttpHeaders#
341,ts-travel2-service,201,292,D:\projectPath1\nostub\removeDocument\train-ticket\ts-travel2-service\src\main\java\travel2\service\Travel2ServiceImpl.java#F,Travel2ServiceImpl#T,getTickets#M,Trip#Route#String#String#String#String#Date#HttpHeaders#
342,ts-travel2-service,295,301,D:\projectPath1\nostub\removeDocument\train-ticket\ts-travel2-service\src\main\java\travel2\service\Travel2ServiceImpl.java#F,Travel2ServiceImpl#T,queryAll#M,HttpHeaders#
343,ts-travel2-service,303,324,D:\projectPath1\nostub\removeDocument\train-ticket\ts-travel2-service\src\main\java\travel2\service\Travel2ServiceImpl.java#F,Travel2ServiceImpl#T,afterToday#M,Date#
344,ts-travel2-service,326,337,D:\projectPath1\nostub\removeDocument\train-ticket\ts-travel2-service\src\main\java\travel2\service\Travel2ServiceImpl.java#F,Travel2ServiceImpl#T,getTrainType#M,String#HttpHeaders#
345,ts-travel2-service,339,350,D:\projectPath1\nostub\removeDocument\train-ticket\ts-travel2-service\src\main\java\travel2\service\Travel2ServiceImpl.java#F,Travel2ServiceImpl#T,queryForStationId#M,String#HttpHeaders#
346,ts-travel2-service,352,369,D:\projectPath1\nostub\removeDocument\train-ticket\ts-travel2-service\src\main\java\travel2\service\Travel2ServiceImpl.java#F,Travel2ServiceImpl#T,getRouteByRouteId#M,String#HttpHeaders#
347,ts-travel2-service,371,395,D:\projectPath1\nostub\removeDocument\train-ticket\ts-travel2-service\src\main\java\travel2\service\Travel2ServiceImpl.java#F,Travel2ServiceImpl#T,getRestTicketNumber#M,Date#String#String#String#int#HttpHeaders#
348,ts-travel2-service,398,413,D:\projectPath1\nostub\removeDocument\train-ticket\ts-travel2-service\src\main\java\travel2\service\Travel2ServiceImpl.java#F,Travel2ServiceImpl#T,adminQueryAll#M,HttpHeaders#
349,ts-ui-test,21,28,D:\projectPath1\nostub\removeDocument\train-ticket\ts-ui-test\src\test\java\TestFlowOne.java#F,TestFlowOne#T,login#M,WebDriver#String#String#
350,ts-ui-test,30,39,D:\projectPath1\nostub\removeDocument\train-ticket\ts-ui-test\src\test\java\TestFlowOne.java#F,TestFlowOne#T,getRandomString#M,int#
351,ts-ui-test,50,70,D:\projectPath1\nostub\removeDocument\train-ticket\ts-ui-test\src\test\java\TestFlowOne.java#F,TestFlowOne#T,testLogin#M,#
352,ts-ui-test,73,127,D:\projectPath1\nostub\removeDocument\train-ticket\ts-ui-test\src\test\java\TestFlowOne.java#F,TestFlowOne#T,testBooking#M,#
353,ts-ui-test,130,166,D:\projectPath1\nostub\removeDocument\train-ticket\ts-ui-test\src\test\java\TestFlowOne.java#F,TestFlowOne#T,testSelectContacts#M,#
354,ts-ui-test,168,202,D:\projectPath1\nostub\removeDocument\train-ticket\ts-ui-test\src\test\java\TestFlowOne.java#F,TestFlowOne#T,testTicketConfirm#M,#
355,ts-ui-test,204,221,D:\projectPath1\nostub\removeDocument\train-ticket\ts-ui-test\src\test\java\TestFlowOne.java#F,TestFlowOne#T,testTicketPay#M,#
356,ts-ui-test,223,241,D:\projectPath1\nostub\removeDocument\train-ticket\ts-ui-test\src\test\java\TestFlowOne.java#F,TestFlowOne#T,testTicketCollect#M,#
357,ts-ui-test,243,259,D:\projectPath1\nostub\removeDocument\train-ticket\ts-ui-test\src\test\java\TestFlowOne.java#F,TestFlowOne#T,testEnterStation#M,#
358,ts-ui-test,16,23,D:\projectPath1\nostub\removeDocument\train-ticket\ts-ui-test\src\test\java\TestFlowTwoPay.java#F,TestFlowTwoPay#T,login#M,WebDriver#String#String#
359,ts-ui-test,33,54,D:\projectPath1\nostub\removeDocument\train-ticket\ts-ui-test\src\test\java\TestFlowTwoPay.java#F,TestFlowTwoPay#T,testLogin#M,#
360,ts-ui-test,56,68,D:\projectPath1\nostub\removeDocument\train-ticket\ts-ui-test\src\test\java\TestFlowTwoPay.java#F,TestFlowTwoPay#T,testViewOrders#M,#
361,ts-ui-test,70,107,D:\projectPath1\nostub\removeDocument\train-ticket\ts-ui-test\src\test\java\TestFlowTwoPay.java#F,TestFlowTwoPay#T,testPayOrder#M,#
362,ts-ui-test,23,30,D:\projectPath1\nostub\removeDocument\train-ticket\ts-ui-test\src\test\java\TestFlowTwoRebook.java#F,TestFlowTwoRebook#T,login#M,WebDriver#String#String#
363,ts-ui-test,41,62,D:\projectPath1\nostub\removeDocument\train-ticket\ts-ui-test\src\test\java\TestFlowTwoRebook.java#F,TestFlowTwoRebook#T,testLogin#M,#
364,ts-ui-test,64,76,D:\projectPath1\nostub\removeDocument\train-ticket\ts-ui-test\src\test\java\TestFlowTwoRebook.java#F,TestFlowTwoRebook#T,testViewOrders#M,#
365,ts-ui-test,78,131,D:\projectPath1\nostub\removeDocument\train-ticket\ts-ui-test\src\test\java\TestFlowTwoRebook.java#F,TestFlowTwoRebook#T,testChangeOrder#M,#
366,ts-ui-test,133,204,D:\projectPath1\nostub\removeDocument\train-ticket\ts-ui-test\src\test\java\TestFlowTwoRebook.java#F,TestFlowTwoRebook#T,testTicketRebook#M,#
367,ts-ui-test,28,65,D:\projectPath1\nostub\removeDocument\train-ticket\ts-ui-test\src\test\java\TestServiceBasicInfo.java#F,TestServiceBasicInfo#T,testBasicInfo#M,#
368,ts-ui-test,16,23,D:\projectPath1\nostub\removeDocument\train-ticket\ts-ui-test\src\test\java\TestServiceCancel.java#F,TestServiceCancel#T,login#M,WebDriver#String#String#
369,ts-ui-test,32,54,D:\projectPath1\nostub\removeDocument\train-ticket\ts-ui-test\src\test\java\TestServiceCancel.java#F,TestServiceCancel#T,login#M,#
370,ts-ui-test,56,65,D:\projectPath1\nostub\removeDocument\train-ticket\ts-ui-test\src\test\java\TestServiceCancel.java#F,TestServiceCancel#T,testCheckRefund#M,#
371,ts-ui-test,67,73,D:\projectPath1\nostub\removeDocument\train-ticket\ts-ui-test\src\test\java\TestServiceCancel.java#F,TestServiceCancel#T,testTicketCancel#M,#
372,ts-ui-test,24,35,D:\projectPath1\nostub\removeDocument\train-ticket\ts-ui-test\src\test\java\TestServiceCellect.java#F,TestServiceCellect#T,testTicketCollect#M,#
373,ts-ui-test,25,40,D:\projectPath1\nostub\removeDocument\train-ticket\ts-ui-test\src\test\java\TestServiceConfig.java#F,TestServiceConfig#T,testConfig#M,#
374,ts-ui-test,42,52,D:\projectPath1\nostub\removeDocument\train-ticket\ts-ui-test\src\test\java\TestServiceConfig.java#F,TestServiceConfig#T,testQueryConfig#M,#
375,ts-ui-test,25,37,D:\projectPath1\nostub\removeDocument\train-ticket\ts-ui-test\src\test\java\TestServiceContacts.java#F,TestServiceContacts#T,testContacts#M,#
376,ts-ui-test,25,37,D:\projectPath1\nostub\removeDocument\train-ticket\ts-ui-test\src\test\java\TestServiceExecute.java#F,TestServiceExecute#T,testExecute#M,#
377,ts-ui-test,16,23,D:\projectPath1\nostub\removeDocument\train-ticket\ts-ui-test\src\test\java\TestServiceInsidePay.java#F,TestServiceInsidePay#T,login#M,WebDriver#String#String#
378,ts-ui-test,32,53,D:\projectPath1\nostub\removeDocument\train-ticket\ts-ui-test\src\test\java\TestServiceInsidePay.java#F,TestServiceInsidePay#T,login#M,#
379,ts-ui-test,55,70,D:\projectPath1\nostub\removeDocument\train-ticket\ts-ui-test\src\test\java\TestServiceInsidePay.java#F,TestServiceInsidePay#T,testInsidePay#M,#
380,ts-ui-test,72,82,D:\projectPath1\nostub\removeDocument\train-ticket\ts-ui-test\src\test\java\TestServiceInsidePay.java#F,TestServiceInsidePay#T,testInsidePayList#M,#
381,ts-ui-test,84,94,D:\projectPath1\nostub\removeDocument\train-ticket\ts-ui-test\src\test\java\TestServiceInsidePay.java#F,TestServiceInsidePay#T,testUserBalance#M,#
382,ts-ui-test,96,106,D:\projectPath1\nostub\removeDocument\train-ticket\ts-ui-test\src\test\java\TestServiceInsidePay.java#F,TestServiceInsidePay#T,testAddMoney#M,#
383,ts-ui-test,16,22,D:\projectPath1\nostub\removeDocument\train-ticket\ts-ui-test\src\test\java\TestServiceLogin.java#F,TestServiceLogin#T,ServiceLogin#M,WebDriver#String#String#
384,ts-ui-test,44,59,D:\projectPath1\nostub\removeDocument\train-ticket\ts-ui-test\src\test\java\TestServiceLogin.java#F,TestServiceLogin#T,testSignIn#M,String#String#boolean#
385,ts-ui-test,25,61,D:\projectPath1\nostub\removeDocument\train-ticket\ts-ui-test\src\test\java\TestServiceNotification.java#F,TestServiceNotification#T,testNotification#M,#
386,ts-ui-test,27,53,D:\projectPath1\nostub\removeDocument\train-ticket\ts-ui-test\src\test\java\TestServiceOrders.java#F,TestServiceOrders#T,testOrders#M,#
387,ts-ui-test,16,23,D:\projectPath1\nostub\removeDocument\train-ticket\ts-ui-test\src\test\java\TestServicePayment.java#F,TestServicePayment#T,login#M,WebDriver#String#String#
388,ts-ui-test,32,54,D:\projectPath1\nostub\removeDocument\train-ticket\ts-ui-test\src\test\java\TestServicePayment.java#F,TestServicePayment#T,login#M,#
389,ts-ui-test,56,73,D:\projectPath1\nostub\removeDocument\train-ticket\ts-ui-test\src\test\java\TestServicePayment.java#F,TestServicePayment#T,testPayment#M,#
390,ts-ui-test,75,85,D:\projectPath1\nostub\removeDocument\train-ticket\ts-ui-test\src\test\java\TestServicePayment.java#F,TestServicePayment#T,testPaymentList#M,#
391,ts-ui-test,25,40,D:\projectPath1\nostub\removeDocument\train-ticket\ts-ui-test\src\test\java\TestServicePrice.java#F,TestServicePrice#T,testPrice#M,#
392,ts-ui-test,42,52,D:\projectPath1\nostub\removeDocument\train-ticket\ts-ui-test\src\test\java\TestServicePrice.java#F,TestServicePrice#T,testQueryPrice#M,#
393,ts-ui-test,20,27,D:\projectPath1\nostub\removeDocument\train-ticket\ts-ui-test\src\test\java\TestServiceRebook.java#F,TestServiceRebook#T,login#M,WebDriver#String#String#
394,ts-ui-test,36,59,D:\projectPath1\nostub\removeDocument\train-ticket\ts-ui-test\src\test\java\TestServiceRebook.java#F,TestServiceRebook#T,login#M,#
395,ts-ui-test,61,97,D:\projectPath1\nostub\removeDocument\train-ticket\ts-ui-test\src\test\java\TestServiceRebook.java#F,TestServiceRebook#T,getOrders#M,#
396,ts-ui-test,99,153,D:\projectPath1\nostub\removeDocument\train-ticket\ts-ui-test\src\test\java\TestServiceRebook.java#F,TestServiceRebook#T,testTicketRebook#M,#
397,ts-ui-test,18,25,D:\projectPath1\nostub\removeDocument\train-ticket\ts-ui-test\src\test\java\TestServiceRegister.java#F,TestServiceRegister#T,login#M,WebDriver#String#String#
398,ts-ui-test,40,57,D:\projectPath1\nostub\removeDocument\train-ticket\ts-ui-test\src\test\java\TestServiceRegister.java#F,TestServiceRegister#T,testRegister#M,String#String#
399,ts-ui-test,59,76,D:\projectPath1\nostub\removeDocument\train-ticket\ts-ui-test\src\test\java\TestServiceRegister.java#F,TestServiceRegister#T,testRegisterLogin#M,String#String#
400,ts-ui-test,25,37,D:\projectPath1\nostub\removeDocument\train-ticket\ts-ui-test\src\test\java\TestServiceSecurity.java#F,TestServiceSecurity#T,testSecurity#M,#
401,ts-ui-test,38,49,D:\projectPath1\nostub\removeDocument\train-ticket\ts-ui-test\src\test\java\TestServiceSecurity.java#F,TestServiceSecurity#T,testSecurityCheck#M,#
402,ts-ui-test,26,40,D:\projectPath1\nostub\removeDocument\train-ticket\ts-ui-test\src\test\java\TestServiceStation.java#F,TestServiceStation#T,testStation#M,#
403,ts-ui-test,42,53,D:\projectPath1\nostub\removeDocument\train-ticket\ts-ui-test\src\test\java\TestServiceStation.java#F,TestServiceStation#T,testQueryStation#M,#
404,ts-ui-test,28,65,D:\projectPath1\nostub\removeDocument\train-ticket\ts-ui-test\src\test\java\TestServiceTicketInfo.java#F,TestServiceTicketInfo#T,testTicketInfo#M,#
405,ts-ui-test,28,43,D:\projectPath1\nostub\removeDocument\train-ticket\ts-ui-test\src\test\java\TestServiceTrain.java#F,TestServiceTrain#T,testTrain#M,#
406,ts-ui-test,45,56,D:\projectPath1\nostub\removeDocument\train-ticket\ts-ui-test\src\test\java\TestServiceTrain.java#F,TestServiceTrain#T,testQueryTrain#M,#
407,ts-ui-test,60,99,D:\projectPath1\nostub\removeDocument\train-ticket\ts-ui-test\src\test\java\TestServiceTravel.java#F,TestServiceTravel#T,testTravel#M,TravelInfo#
408,ts-ui-test,101,112,D:\projectPath1\nostub\removeDocument\train-ticket\ts-ui-test\src\test\java\TestServiceTravel.java#F,TestServiceTravel#T,testQueryTravel#M,#
409,ts-ui-test,27,46,D:\projectPath1\nostub\removeDocument\train-ticket\ts-ui-test\src\test\java\TestServiceTravel2.java#F,TestServiceTravel2#T,testTravel2#M,#
410,ts-ui-test,48,59,D:\projectPath1\nostub\removeDocument\train-ticket\ts-ui-test\src\test\java\TestServiceTravel2.java#F,TestServiceTravel2#T,testQueryTravel2#M,#
411,ts-user-service,64,82,D:\projectPath1\nostub\removeDocument\train-ticket\ts-user-service\src\main\java\user\config\SecurityConfig.java#F,SecurityConfig#T,configure#M,HttpSecurity#
412,ts-user-service,30,43,D:\projectPath1\nostub\removeDocument\train-ticket\ts-user-service\src\main\java\user\init\InitUser.java#F,InitUser#T,run#M,String...#
413,ts-user-service,33,64,D:\projectPath1\nostub\removeDocument\train-ticket\ts-user-service\src\main\java\user\service\impl\UserServiceImpl.java#F,UserServiceImpl#T,saveUser#M,UserDto#HttpHeaders#
414,ts-user-service,66,78,D:\projectPath1\nostub\removeDocument\train-ticket\ts-user-service\src\main\java\user\service\impl\UserServiceImpl.java#F,UserServiceImpl#T,createDefaultAuthUser#M,AuthDto#
415,ts-user-service,81,87,D:\projectPath1\nostub\removeDocument\train-ticket\ts-user-service\src\main\java\user\service\impl\UserServiceImpl.java#F,UserServiceImpl#T,getAllUsers#M,HttpHeaders#
416,ts-user-service,108,121,D:\projectPath1\nostub\removeDocument\train-ticket\ts-user-service\src\main\java\user\service\impl\UserServiceImpl.java#F,UserServiceImpl#T,deleteUser#M,UUID#HttpHeaders#
417,ts-user-service,124,141,D:\projectPath1\nostub\removeDocument\train-ticket\ts-user-service\src\main\java\user\service\impl\UserServiceImpl.java#F,UserServiceImpl#T,updateUser#M,UserDto#HttpHeaders#
418,ts-user-service,143,153,D:\projectPath1\nostub\removeDocument\train-ticket\ts-user-service\src\main\java\user\service\impl\UserServiceImpl.java#F,UserServiceImpl#T,deleteUserAuth#M,UUID#HttpHeaders#
419,ts-verification-code-service,63,78,D:\projectPath1\nostub\removeDocument\train-ticket\ts-verification-code-service\src\main\java\verifycode\config\SecurityConfig.java#F,SecurityConfig#T,configure#M,HttpSecurity#
420,ts-verification-code-service,30,45,D:\projectPath1\nostub\removeDocument\train-ticket\ts-verification-code-service\src\main\java\verifycode\controller\VerifyCodeController.java#F,VerifyCodeController#T,imageCode#M,HttpHeaders#HttpServletRequest#HttpServletResponse#
421,ts-verification-code-service,46,49,D:\projectPath1\nostub\removeDocument\train-ticket\ts-verification-code-service\src\main\java\verifycode\service\impl\VerifyCodeServiceImpl.java#F,VerifyCodeServiceImpl#T,mapTable[]#M,default#
422,ts-verification-code-service,52,111,D:\projectPath1\nostub\removeDocument\train-ticket\ts-verification-code-service\src\main\java\verifycode\service\impl\VerifyCodeServiceImpl.java#F,VerifyCodeServiceImpl#T,getImageCode#M,int#int#OutputStream#HttpServletRequest#HttpServletResponse#HttpHeaders#
423,ts-verification-code-service,114,134,D:\projectPath1\nostub\removeDocument\train-ticket\ts-verification-code-service\src\main\java\verifycode\service\impl\VerifyCodeServiceImpl.java#F,VerifyCodeServiceImpl#T,verifyCode#M,HttpServletRequest#HttpServletResponse#String#HttpHeaders#
424,ts-verification-code-service,137,149,D:\projectPath1\nostub\removeDocument\train-ticket\ts-verification-code-service\src\main\java\verifycode\service\impl\VerifyCodeServiceImpl.java#F,VerifyCodeServiceImpl#T,getRandColor#M,int#int#
425,ts-verification-code-service,38,47,D:\projectPath1\nostub\removeDocument\train-ticket\ts-verification-code-service\src\main\java\verifycode\util\CookieUtil.java#F,CookieUtil#T,readCookieMap#M,HttpServletRequest#
